Experiment,Animal,Group_Description,Time_Point,Time_Point_Description,Trial,Trial_Description,NumberOfRunsUsedForCalculatingTrialStatistics,Run_Duration_(s)_Mean,Run_Average_Speed_(cm/s)_Mean,Run_Maximum_Variation_(%)_Mean,RF_Stand_(s)_Mean,RF_StandIndex_Mean,RF_MaxContactAt_(%)_Mean,RF_MaxContactArea_(cm²)_Mean,RF_MaxContactMaxIntensity_Mean,RF_MaxContactMeanIntensity_Mean,RF_PrintLength_(cm)_Mean,RF_PrintWidth_(cm)_Mean,RF_PrintArea_(cm²)_Mean,RF_MaxIntensityAt_(%)_Mean,RF_MaxIntensity_Mean,RF_MinIntensity_Mean,RF_MeanIntensity_Mean,RF_MeanIntensityOfThe15MostIntensePixels_Mean,RF_Swing_(s)_Mean,RF_SwingSpeed_(cm/s)_Mean,RF_StrideLength_(cm)_Mean,RF_StepCycle_(s)_Mean,RF_DutyCycle_(%)_Mean,RF_ToeSpread_(cm)_Mean,RF_IntermediateToeSpread_(cm)_Mean,RF_ManualPrintLength_(cm)_Mean,RF_PawAngleBodyAxis_(°)_Mean,RF_PawAngleMovementVector_(°)_Mean,RF_SingleStance_(s)_Mean,RF_InitialDualStance_(s)_Mean,RF_TerminalDualStance_(s)_Mean,RF_BodySpeed_(cm/s)_Mean,RF_BodySpeedVariation_(%)_Mean,RH_Stand_(s)_Mean,RH_StandIndex_Mean,RH_MaxContactAt_(%)_Mean,RH_MaxContactArea_(cm²)_Mean,RH_MaxContactMaxIntensity_Mean,RH_MaxContactMeanIntensity_Mean,RH_PrintLength_(cm)_Mean,RH_PrintWidth_(cm)_Mean,RH_PrintArea_(cm²)_Mean,RH_MaxIntensityAt_(%)_Mean,RH_MaxIntensity_Mean,RH_MinIntensity_Mean,RH_MeanIntensity_Mean,RH_MeanIntensityOfThe15MostIntensePixels_Mean,RH_Swing_(s)_Mean,RH_SwingSpeed_(cm/s)_Mean,RH_StrideLength_(cm)_Mean,RH_StepCycle_(s)_Mean,RH_DutyCycle_(%)_Mean,RH_ToeSpread_(cm)_Mean,RH_IntermediateToeSpread_(cm)_Mean,RH_ManualPrintLength_(cm)_Mean,RH_PawAngleBodyAxis_(°)_Mean,RH_PawAngleMovementVector_(°)_Mean,RH_SingleStance_(s)_Mean,RH_InitialDualStance_(s)_Mean,RH_TerminalDualStance_(s)_Mean,RH_BodySpeed_(cm/s)_Mean,RH_BodySpeedVariation_(%)_Mean,LF_Stand_(s)_Mean,LF_StandIndex_Mean,LF_MaxContactAt_(%)_Mean,LF_MaxContactArea_(cm²)_Mean,LF_MaxContactMaxIntensity_Mean,LF_MaxContactMeanIntensity_Mean,LF_PrintLength_(cm)_Mean,LF_PrintWidth_(cm)_Mean,LF_PrintArea_(cm²)_Mean,LF_MaxIntensityAt_(%)_Mean,LF_MaxIntensity_Mean,LF_MinIntensity_Mean,LF_MeanIntensity_Mean,LF_MeanIntensityOfThe15MostIntensePixels_Mean,LF_Swing_(s)_Mean,LF_SwingSpeed_(cm/s)_Mean,LF_StrideLength_(cm)_Mean,LF_StepCycle_(s)_Mean,LF_DutyCycle_(%)_Mean,LF_ToeSpread_(cm)_Mean,LF_IntermediateToeSpread_(cm)_Mean,LF_ManualPrintLength_(cm)_Mean,LF_PawAngleBodyAxis_(°)_Mean,LF_PawAngleMovementVector_(°)_Mean,LF_SingleStance_(s)_Mean,LF_InitialDualStance_(s)_Mean,LF_TerminalDualStance_(s)_Mean,LF_BodySpeed_(cm/s)_Mean,LF_BodySpeedVariation_(%)_Mean,LH_Stand_(s)_Mean,LH_StandIndex_Mean,LH_MaxContactAt_(%)_Mean,LH_MaxContactArea_(cm²)_Mean,LH_MaxContactMaxIntensity_Mean,LH_MaxContactMeanIntensity_Mean,LH_PrintLength_(cm)_Mean,LH_PrintWidth_(cm)_Mean,LH_PrintArea_(cm²)_Mean,LH_MaxIntensityAt_(%)_Mean,LH_MaxIntensity_Mean,LH_MinIntensity_Mean,LH_MeanIntensity_Mean,LH_MeanIntensityOfThe15MostIntensePixels_Mean,LH_Swing_(s)_Mean,LH_SwingSpeed_(cm/s)_Mean,LH_StrideLength_(cm)_Mean,LH_StepCycle_(s)_Mean,LH_DutyCycle_(%)_Mean,LH_ToeSpread_(cm)_Mean,LH_IntermediateToeSpread_(cm)_Mean,LH_ManualPrintLength_(cm)_Mean,LH_PawAngleBodyAxis_(°)_Mean,LH_PawAngleMovementVector_(°)_Mean,LH_SingleStance_(s)_Mean,LH_InitialDualStance_(s)_Mean,LH_TerminalDualStance_(s)_Mean,LH_BodySpeed_(cm/s)_Mean,LH_BodySpeedVariation_(%)_Mean,StepSequence_NumberOfPatterns,StepSequence_CA_(%),StepSequence_CB_(%),StepSequence_AA_(%),StepSequence_AB_(%),StepSequence_RA_(%),StepSequence_RB_(%),StepSequence_RegularityIndex_(%),BOS_FrontPaws_Mean_(cm),BOS_HindPaws_Mean_(cm),OtherStatistics_Duration_Mean,OtherStatistics_Average_Speed_Mean,OtherStatistics_Maximum_Variation_(%)_Mean,OtherStatistics_NumberOfSteps,OtherStatistics_Cadence,OtherStatistics_Sciatic_Functional_Index_Mean,OtherStatistics_Peroneal_Functional_Index_Mean,OtherStatistics_Posterior_Tibial_Functional_Index_Mean,OtherStatistics_RM_(%),OtherStatistics_RK_(%),OtherStatistics_LM_(%),OtherStatistics_LK_(%),OtherStatistics_NO_(%),OtherStatistics_AB_(%),OtherStatistics_TA_(%),OtherStatistics_GT_(%),PrintPositions_RightPaws_Mean_(cm),PrintPositions_LeftPaws_Mean_(cm),PhaseDispersions_RF->LH_Mean,PhaseDispersions_RF->LH_CStat_Mean,PhaseDispersions_RF->LH_CStat_R,PhaseDispersions_LF->RH_Mean,PhaseDispersions_LF->RH_CStat_Mean,PhaseDispersions_LF->RH_CStat_R,PhaseDispersions_LH->RH_Mean,PhaseDispersions_LH->RH_CStat_Mean,PhaseDispersions_LH->RH_CStat_R,PhaseDispersions_LF->RF_Mean,PhaseDispersions_LF->RF_CStat_Mean,PhaseDispersions_LF->RF_CStat_R,PhaseDispersions_RF->RH_Mean,PhaseDispersions_RF->RH_CStat_Mean,PhaseDispersions_RF->RH_CStat_R,PhaseDispersions_LF->LH_Mean,PhaseDispersions_LF->LH_CStat_Mean,PhaseDispersions_LF->LH_CStat_R,Couplings_RF->LH_Mean,Couplings_RF->LH_CStat_Mean,Couplings_RF->LH_CStat_R,Couplings_LF->RH_Mean,Couplings_LF->RH_CStat_Mean,Couplings_LF->RH_CStat_R,Couplings_LH->RF_Mean,Couplings_LH->RF_CStat_Mean,Couplings_LH->RF_CStat_R,Couplings_RH->LF_Mean,Couplings_RH->LF_CStat_Mean,Couplings_RH->LF_CStat_R,Couplings_LH->RH_Mean,Couplings_LH->RH_CStat_Mean,Couplings_LH->RH_CStat_R,Couplings_LF->RF_Mean,Couplings_LF->RF_CStat_Mean,Couplings_LF->RF_CStat_R,Couplings_RH->LH_Mean,Couplings_RH->LH_CStat_Mean,Couplings_RH->LH_CStat_R,Couplings_RF->LF_Mean,Couplings_RF->LF_CStat_Mean,Couplings_RF->LF_CStat_R,Couplings_RF->RH_Mean,Couplings_RF->RH_CStat_Mean,Couplings_RF->RH_CStat_R,Couplings_LF->LH_Mean,Couplings_LF->LH_CStat_Mean,Couplings_LF->LH_CStat_R,Couplings_RH->RF_Mean,Couplings_RH->RF_CStat_Mean,Couplings_RH->RF_CStat_R,Couplings_LH->LF_Mean,Couplings_LH->LF_CStat_Mean,Couplings_LH->LF_CStat_R,Support_Zero_(%),Support_Single_(%),Support_Diagonal_(%),Support_Girdle_(%),Support_Lateral_(%),Support_Three_(%),Support_Four_(%)
A111_4 1 month post-tx,2,WT,Undefined,,Trial0001,,3,3.374195567,15.664777,38.66666667,0.174699232,-5.463844473,52.90777262,0.384859169,141.96875,72.39790788,0.914192708,0.781578947,0.464756373,49.42277835,146.84375,31.3125,79.4095934,123.2166667,0.088121265,51.71891453,4.355983691,0.265402931,65.51363494,-,-,-,-,-,0.105367637,0.051025827,0.024774032,17.06987361,25.42528345,0.204474698,-8.976856534,29.15753446,0.438208938,173.8275862,70.09035502,0.959913793,0.808529946,0.543031987,32.46684751,177.5862069,31.72413793,80.3122462,142.1770115,0.063350193,70.10114548,4.381919367,0.273373134,75.46392364,-,-,-,-,-,0.071253518,0.036831199,0.096389981,16.79773581,26.48523003,0.150366356,-4.270854717,37.36879678,0.413798314,139,70.19841188,0.903125,0.766036184,0.475923109,41.42827522,141.5625,31.875,75.08864948,116.5520833,0.098100903,43.13737934,4.083862723,0.249564716,60.59157769,-,-,-,-,-,0.08211415,0.023188001,0.046052261,16.40238614,27.45464833,0.204025315,-9.276764054,36.28246425,0.240478002,108.1875,61.1223561,0.74375,0.508470395,0.275708265,71.00161131,127.90625,32.25,67.93609885,100.6791667,0.071253518,61.96896643,4.361318141,0.266778788,71.31194166,-,-,-,-,-,0.063350193,0.100216746,0.037241505,16.59618043,24.12833906,28,17.85714286,10.71428571,42.85714286,28.57142857,0,0,96.55172414,1.543174342,2.135201584,3.071,15.95871019,69.96789591,125,14.84050813,-,-,-,0,0,0,0,0,0,0,0,1.275,1.735416667,-4.991679993,95.27677129,0.759216747,-2.488870521,97.78515078,0.863342211,56.81031058,56.71128913,0.90222443,46.20858655,46.32769909,0.886149038,52.0985512,52.00038271,0.903395519,42.43626794,42.54836106,0.808816717,95.62127888,95.64810371,0.81146212,97.3836861,97.59667117,0.876594312,104.9498605,5.076065933,0.779897901,48.2698312,3.796054025,0.75999434,57.65670556,57.24704539,0.864455392,46.20858655,46.32769909,0.886149038,42.0745779,42.45767453,0.861729893,53.10309342,53.84911701,0.787427277,53.06141592,52.5143424,0.856944089,42.43626794,42.54836106,0.808816717,46.84946258,48.06961822,0.782775117,56.85032888,58.48988901,0.671509083,0,1.699716714,40.93484419,0,0.283286119,36.68555241,20.39660057
A111_4 1 month post-tx,3,KO,Undefined,,Trial0002,,3,4.164109219,12.97428435,30,0.209099312,-3.038609793,36.64112703,0.437099282,137.3333333,71.40724153,0.950883838,0.781578947,0.497494019,51.72674273,143.1818182,31.15151515,78.00914235,120.4585859,0.101854771,40.94154335,4.145407311,0.311559486,66.23228143,-,-,-,-,-,0.087116541,0.050274229,0.065081992,13.39588522,20.43513788,0.171947875,-9.525605969,24.00079395,0.347584293,141.25,68.56599906,0.816796875,0.641694079,0.384859169,32.6766874,145.9375,31.625,74.313282,117.2895833,0.150129283,32.00078393,4.329474411,0.323680794,52.91679607,-,-,-,-,-,0.128031695,0.013197034,0.033884342,13.46490275,17.65184697,0.204417103,-3.432931081,46.35669544,0.398486842,142.7058824,69.3444779,0.908333333,0.779489164,0.461694079,41.92111623,148.7647059,31.5,76.90081579,120.145098,0.08503973,46.92645523,3.917128567,0.289589848,69.89146676,-,-,-,-,-,0.095488848,0.059292884,0.049618142,12.93741452,21.63840581,0.166221849,-7.637939778,13.86608445,0.261385823,123.516129,60.54043604,0.731182796,0.584465195,0.290122029,28.86321676,131.0645161,32.09677419,63.31426728,96.28387097,0.15263606,29.52885831,4.313006578,0.322401067,51.40395752,-,-,-,-,-,0.12534047,0.033404604,0.012741963,13.22266903,16.82255784,28,3.571428571,0,3.571428571,92.85714286,0,0,95.72649573,1.482161034,1.399716336,3.651333333,13.02099704,56.35931122,130,12.1297945,-,-,-,0,0,0,0,0.091134948,0,0,0,2.022177419,1.72125,8.91362108,9.174088889,0.932181028,13.81388343,14.61809242,0.836128718,51.74455749,51.56663191,0.94540603,54.92619825,54.89213913,0.961799024,52.17596081,60.12895921,0.831800918,64.14656367,64.29067821,0.916915956,108.8474142,9.153538524,0.928200247,17.55177517,14.58806861,0.837585005,89.47037034,89.67145815,0.891061835,79.65991895,84.55068381,0.735388302,52.41236583,51.69108168,0.899152538,55.69180588,55.50764215,0.938286425,47.01030304,47.21355793,0.932065543,45.13368892,44.72224661,0.870214873,59.38977087,60.34199068,0.832650003,64.53388637,64.69601631,0.910733454,39.83012673,38.71220985,0.81322966,35.6660492,34.08516356,0.809593033,0,3.42920354,51.7699115,5.862831858,0.553097345,31.74778761,6.637168142
A111_4 1 month post-tx,10,Vehicle,Undefined,,Trial0003,,3,3.845897395,14.69489174,31.66666667,0.181805427,-4.11197897,34.29401627,0.368264098,130.2571429,67.22829879,0.787261905,0.753157895,0.40450094,42.37957385,133.8,31.4,73.28657945,109.7885714,0.0939648,41.73497126,3.806019146,0.277204912,65.08342682,-,-,-,-,-,0.090814322,0.04267688,0.048431334,14.3065144,24.50085978,0.205715059,-8.12844501,18.43074561,0.358436472,140.21875,67.18894111,1.002734375,0.683881579,0.423234992,28.89123877,151.125,31.71875,72.67318831,118.0958333,0.113327776,41.78261708,4.328692695,0.318276153,62.45737979,-,-,-,-,-,0.081772447,0.096923089,0.032558021,14.6347773,19.83773794,0.188935466,-4.009264812,42.68527336,0.328863722,131.4285714,68.14320501,0.835833333,0.736917293,0.391703008,40.22798906,140,31.6,75.20511746,112.3447619,0.09365227,42.80626378,3.957335151,0.268454753,64.06174424,-,-,-,-,-,0.096995923,0.050911457,0.04607539,14.96651391,22.61524387,0.229747277,-7.019457551,15.96055437,0.341901316,148.4666667,64.68556115,0.85,0.727105263,0.399779605,24.7082572,156.2,31.73333333,69.70299547,118.1066667,0.090652776,54.72506774,4.309586358,0.318917281,68.49344162,-,-,-,-,-,0.102992689,0.030656425,0.097816087,14.62325003,20.45245797,27,7.407407407,11.11111111,3.703703704,66.66666667,11.11111111,0,91.52542373,1.46731864,1.444839288,3.566,14.79474529,56.5612544,132,13.04888013,-,-,-,0,0,0,0,0,0,0,0,1.357638889,1.118678161,19.77639159,14.68806146,0.493441825,7.972934369,7.368484957,0.847491192,28.71858961,41.29080322,0.711755656,49.04229662,49.21809509,0.910627548,58.14295231,58.00369601,0.864014058,46.59191104,63.68581949,0.603359456,32.21244829,14.14718899,0.512615586,107.9842117,7.371378085,0.848323468,65.17464813,85.10964095,0.363284503,75.34069823,91.81526649,0.682771145,41.13093815,39.08525339,0.710980836,48.88216005,49.05076635,0.909383353,57.95686687,59.53070387,0.775792681,51.13923122,51.50197621,0.870336563,58.62240908,58.46146077,0.847939248,57.31583267,63.33381945,0.623522092,42.17162231,41.10352032,0.646270759,42.61970277,34.21672045,0.493110274,0,1.392111369,35.96287703,1.50812065,3.596287703,43.50348028,14.03712297
A111_4 1 month post-tx,12,WT,Undefined,,Trial0004,,3,3.684619695,14.61059835,25,0.216351657,-2.4377573,38.89026527,0.410460526,149.7037037,71.08867935,0.884104938,0.807894737,0.461907895,58.92797249,161.0740741,31.7037037,79.20269545,129.8740741,0.1323081,40.27174729,5.262712535,0.354484808,61.4723761,-,-,-,-,-,0.131545422,0.053401403,0.036467701,14.98504527,15.0199984,0.200011381,-9.044968574,33.35746183,0.300143541,129.7575758,65.46395194,0.841414141,0.602870813,0.354285287,50.80606125,141.6666667,31.66666667,72.63949352,114.7757576,0.081880281,57.54265316,4.296240023,0.283918694,70.37602432,-,-,-,-,-,0.101919233,0.026513562,0.052336289,15.33696652,17.95357035,0.210433386,-2.808412055,42.77427948,0.395921053,151,68.71732221,0.928703704,0.773684211,0.477006579,44.39246617,156.4444444,31.07407407,76.12090428,125.8049383,0.126064363,40.26434967,5.02305767,0.33867048,62.59996218,-,-,-,-,-,0.127015776,0.035547683,0.049129456,14.53563742,19.07857321,0.157269404,-8.822933372,19.80120698,0.262654194,124.5625,62.34252002,0.785807292,0.563980263,0.312511308,31.83886855,133.65625,31.59375,67.89736001,104.1708333,0.105017965,42.45088312,4.23421681,0.261340116,59.87780407,-,-,-,-,-,0.077553336,0.052588425,0.025962642,15.6505002,17.92795626,23,8.695652174,8.695652174,43.47826087,17.39130435,13.04347826,8.695652174,88.46153846,1.549060673,1.403900626,3.461333333,14.55738059,51.87025782,119,12.04609397,-,-,-,0,0,0,0,0,0,0,0,2.284946237,3.1875,25.98054417,73.9580022,0.24502383,22.26904631,74.86204503,0.192276339,50.73365491,50.89581768,0.875303582,50.40425469,50.39534991,0.976175911,31.21161917,32.52344127,0.152322181,26.43514348,28.80217009,0.233748565,57.13137432,78.65182136,0.251978711,52.45496901,79.86672603,0.211714989,48.74766787,14.34374372,0.289572074,52.57250483,12.4027452,0.153460762,50.56738247,50.71427818,0.872527872,50.24556777,50.23384842,0.976334129,51.23240203,50.48452011,0.81237976,49.79104817,49.99735946,0.88371429,42.05398634,31.75471181,0.154534884,38.57836664,28.22823784,0.234701882,57.87682124,60.8890246,0.227898286,64.78074445,72.53807846,0.310149981,0,1.97740113,30.79096045,0.282485876,23.02259887,38.55932203,5.367231638
A111_4 1 month post-tx,13,WT,Undefined,,Trial0005,,4,3.696561656,14.94324385,30.25,0.20409548,-4.088390437,46.03808646,0.4033681,140.2195122,71.64320803,0.922560976,0.771181001,0.477388479,44.71251602,144.7804878,31.56097561,79.70757808,124.0715447,0.091868416,48.87129921,4.370894846,0.301007274,67.97600648,-,-,-,-,-,0.094075938,0.06279811,0.04998777,15.03687135,18.45827596,0.140678053,-11.14034173,22.80473174,0.247870066,112.0681818,58.80861743,0.684185606,0.66208134,0.282299641,36.98829719,117.8863636,31.81818182,63.00962075,91.69326545,0.131218111,34.50642405,4.108185794,0.272217264,50.47444622,-,-,-,-,-,0.107302028,0.020250761,0.014635851,15.33696462,19.21762061,0.194940061,-4.003215521,42.21794487,0.405605562,151.0227273,73.55215783,0.898295455,0.78319378,0.466572219,45.62585664,154.5454545,31.38636364,80.00433068,125.8136364,0.09172404,47.17591992,4.196727693,0.289412409,66.8024845,-,-,-,-,-,0.089450826,0.047887727,0.049211954,15.20934015,20.00992544,0.132938628,-10.01297446,17.60582641,0.229683014,118,61.39579652,0.721212121,0.571650718,0.258279007,28.07481746,124.2272727,31.97727273,64.45613115,93.50768398,0.140463685,31.82496487,4.165452769,0.27419952,48.05892032,-,-,-,-,-,0.10023865,0.012055868,0.023081113,15.27134542,16.06356618,38,18.42105263,0,34.21052632,44.73684211,2.631578947,0,96.81528662,1.457659481,1.472727273,3.369,15.07470775,56.0321551,173,13.20345964,-,-,-,0,0,0,0,0,0,0,0,2.194146825,2.491260163,11.16905326,96.28347776,0.533074215,12.71352515,99.74173944,0.549975892,46.68248475,50.84643409,0.79914566,50.11823207,50.7446689,0.869476859,45.20233903,50.08893512,0.493913279,46.22446843,48.02492319,0.570118915,55.88225546,95.94571954,0.558417559,48.71890271,99.17516876,0.579846911,49.6587946,5.871109134,0.550058372,59.52220745,98.82871605,0.544083814,52.24952536,51.11008902,0.764585157,50.11823207,50.7446689,0.869476859,47.22967545,48.52201237,0.787888127,50.21707898,49.48892104,0.796516912,48.64103534,50.93560265,0.480873784,46.22446843,48.02492319,0.570118915,52.0401826,50.54105028,0.496611961,54.34975826,53.42910247,0.556803544,0,6.378802748,41.609421,5.789990186,11.97252208,27.08537782,7.163886163
A111_4 1 month post-tx,14,Vehicle,Undefined,,Trial0006,,4,4.09828678,12.98624451,28.5,0.202250347,-3.430173246,43.08180644,0.410824663,140.5348837,71.60343104,0.901065891,0.783231334,0.462909272,42.87607637,143,31.46511628,78.86759592,119.4728682,0.106483664,38.91768269,4.071444063,0.306126916,64.94406003,-,-,-,-,-,0.104596062,0.046946117,0.050532066,13.00548358,16.81067357,0.195071363,-7.180565204,28.50601134,0.266631579,143.8888889,78.42935311,0.774444444,0.522631579,0.297611842,37.63643248,154.2222222,31.51111111,85.92099268,127.4592593,0.13034954,33.90974043,4.188469759,0.319287401,58.76324681,-,-,-,-,-,0.097707272,0.061635484,0.030808909,13.06312545,16.6386895,0.202996815,-4.753041858,47.66282488,0.332061642,131.1086957,68.88334972,0.876177536,0.712070938,0.403835097,33.09956549,136.0869565,31.7173913,75.95831603,113.9173913,0.104596062,51.5666074,4.304066184,0.307389755,65.24214307,-,-,-,-,-,0.106483664,0.051080264,0.048504624,13.31939516,16.72027129,0.222088629,-7.601906153,28.84903931,0.326898496,147.0952381,71.14907622,0.787599206,0.695300752,0.362847744,30.68245726,151.6190476,31.52380952,76.37904617,121.4031746,0.102441552,44.60353163,4.206039099,0.319721693,67.00977277,-,-,-,-,-,0.125961671,0.030750551,0.067140823,13.02396152,17.13190491,38,2.631578947,18.42105263,21.05263158,57.89473684,0,0,94.40993789,1.566276275,1.669019139,3.84825,12.96050063,51.97532914,176,12.1857401,-,-,-,0,0,0,0,0.519527433,0,0,0,2.130182927,2.246428571,101.2364341,2.1241267,0.855031282,0.093462806,0.607224487,0.843390887,49.05291278,49.24833087,0.910289601,50.55398263,50.58677039,0.900810401,49.67294803,50.10159702,0.82517087,52.6285675,52.65854855,0.864829404,101.2410261,1.932073061,0.868616925,100.0155292,0.368618163,0.853594806,73.33805906,97.47282171,0.840863265,61.28014147,98.91808483,0.822005084,48.80370404,48.99640095,0.909232019,50.80272145,50.63836295,0.881147333,50.82999515,50.66234645,0.922887873,48.27709622,48.91482442,0.860970622,49.67294803,50.10159702,0.82517087,52.88187456,52.66073481,0.849155557,49.35641119,49.23676907,0.809828983,46.97654964,47.46498382,0.81505933,0,0.677392041,51.90516511,0.33869602,1.354784081,30.48264183,15.24132091
A111_4 1 month post-tx,15,KO,Undefined,,Trial0007,"Run 039, 041 are not compliant.",3,6.310644312,9.312825903,38.66666667,0.33274929,-2.062460783,46.57703465,0.472956081,169.2162162,81.36143581,0.93231982,0.79886202,0.504105619,62.24462138,179.4864865,31.35135135,88.89704083,147.5459459,0.097209844,39.73803982,3.655455812,0.434943927,76.80891472,-,-,-,-,-,0.145215751,0.085587808,0.104982817,8.892334681,22.92937302,0.270710086,-5.673266795,12.49499745,0.346990132,128.25,62.2503986,1.005439815,0.651315789,0.423462171,25.61378366,139.2222222,31.86111111,67.80335386,109.7935185,0.173379622,28.09728446,3.680547347,0.447214953,59.67284815,-,-,-,-,-,0.047505282,0.10166751,0.091682448,9.387264367,26.34661893,0.289831035,-2.432734162,46.3594608,0.448060076,162.3421053,76.43738105,0.905921053,0.811495845,0.491766794,51.84941672,169,31.60526316,84.0074377,137.3824561,0.145215751,31.28289642,3.657730782,0.44191565,64.2785562,-,-,-,-,-,0.097209844,0.106895974,0.084874897,9.148059611,25.49849997,0.353644027,-4.317294345,25.19578225,0.351463816,123.4722222,65.31931697,0.907060185,0.643421053,0.429473684,78.28709742,157.4166667,31.30555556,77.56949707,128.0055556,0.055069479,75.2654351,3.843429125,0.415749523,86.18493754,-,-,-,-,-,0.171621822,0.086748143,0.106407926,9.775598638,22.48661529,29,6.896551724,13.79310345,68.96551724,10.34482759,0,0,87.87878788,1.194146053,1.62749908,5.855,9.100346176,58.79454496,147,8.713744322,-,-,-,0,0,0,0,0,0,0,0,3.623232323,3.713690476,24.50752827,80.9465203,0.465520407,83.0064156,82.52724006,0.658234688,48.27202391,60.76844322,0.70142954,42.37485999,42.61405725,0.857600391,40.97330664,40.68292348,0.610618055,26.39528565,23.93957938,0.478005952,69.40587654,82.34148629,0.493523354,83.71836393,83.55377402,0.694840352,39.20939764,19.64869617,0.467449794,34.32524143,16.94629621,0.617416171,57.36783457,61.19716149,0.680650232,43.67982115,43.06553091,0.798028426,44.6293955,41.23510208,0.592889251,57.49045224,57.59699556,0.880418198,40.97330664,40.68292348,0.610618055,34.76544279,23.66562701,0.429633346,59.35821028,62.08867544,0.534580665,71.56744356,77.04255964,0.559136243,0,0.625978091,24.72613459,0.078247261,7.668231612,46.63536776,20.26604069
A111_4 1 month post-tx,17,KO,Undefined,,Trial0008,,3,3.91955763,13.79052877,21.33333333,0.211298872,-3.029013316,44.77442826,0.470407895,173.9333333,83.26397078,0.951527778,0.798157895,0.518220395,58.71041126,181.7666667,31.2,90.56709789,149.9533333,0.101849082,44.04474879,4.361328774,0.315147025,66.44450305,-,-,-,-,-,0.099643311,0.068945271,0.044138045,14.11494002,16.69315721,0.255274922,-6.986315763,34.81851278,0.40797903,163.40625,75.99505989,1.044791667,0.748273026,0.54370991,48.26900792,177.53125,31.46875,88.05823196,151.1375,0.059644098,74.13293367,4.368226033,0.317536034,80.30595069,-,-,-,-,-,0.093552851,0.053216751,0.109284024,14.14357155,18.67722575,0.202333347,-2.381201256,44.66662597,0.465098684,167.6470588,77.86939441,0.939583333,0.82128483,0.513651316,60.69869611,175.9117647,31.38235294,84.53138447,141.8666667,0.09321471,44.64215811,4.06320648,0.294485256,68.07899398,-,-,-,-,-,0.094825007,0.039999797,0.066875535,13.93165076,19.56825645,0.222893294,-5.863892497,13.14325851,0.425360781,138.0645161,73.90311425,1.089919355,0.666977929,0.500529499,42.83429292,170.6129032,31.83870968,87.9277626,147.6537634,0.093552851,51.28336529,4.324042527,0.318899294,69.70660788,-,-,-,-,-,0.059644098,0.112400757,0.048962781,13.8893555,18.97293625,27,11.11111111,3.703703704,55.55555556,29.62962963,0,0,94.73684211,1.326769185,2.019226475,3.659666667,13.74709483,54.38085282,127,12.24622686,-,-,-,0,0,0,0,0,0,0,0,2.344827586,2.760138889,-7.973194552,91.96920975,0.68997092,97.22361115,98.18561111,0.766773929,44.10400316,54.5944151,0.868884422,51.26533446,51.73135576,0.887413852,46.19751809,47.46212925,0.680633775,41.97371696,41.94604114,0.770380371,91.33764322,90.86266828,0.710321023,96.54240083,97.54929416,0.750233361,108.4623121,8.819859297,0.704424956,56.38801931,1.85016286,0.663602715,54.35736152,54.81079672,0.852433076,51.11739581,51.58370548,0.88456029,45.42682038,45.07313525,0.871587676,49.44198945,50.58889234,0.759831571,47.0370549,47.96061268,0.63649914,41.97371696,41.94604114,0.770380371,52.89416556,53.02261225,0.627084001,57.34016041,59.37610859,0.621965379,0,0,36.38554217,0,0.602409639,38.43373494,24.57831325
A111_4 1 month post-tx,19,Vehicle,Undefined,,Trial0009,,3,3.57859672,14.86157725,28.66666667,0.17545211,-2.565262449,39.49276136,0.461464383,173.137931,81.46126901,0.962356322,0.818330309,0.522900408,53.40688727,180.7241379,31.27586207,87.31458433,144.9310345,0.108033926,42.40742038,4.501649586,0.282970426,61.58892746,-,-,-,-,-,0.10514875,0.031840172,0.038865912,15.74357389,19.10643164,0.173807108,-8.595675515,25.7196222,0.398897496,140.5806452,75.15546671,0.895698925,0.694482173,0.441595925,51.11024148,156.8064516,32.06451613,84.63522343,134.7462366,0.117092406,39.37639265,4.473254563,0.288101022,58.82151047,-,-,-,-,-,0.127723461,0.019261205,0.025920252,15.4087165,22.06123091,0.181918366,-3.400896179,44.65214984,0.466884868,169.5,80.60101312,0.963333333,0.781578947,0.523756579,56.92584949,175.5333333,31.23333333,87.50095853,140.6977778,0.10514875,44.60776966,4.555455096,0.285436103,62.8421712,-,-,-,-,-,0.108033926,0.040746428,0.032296654,15.70369409,19.24298644,0.148020715,-9.580605071,21.5998716,0.403768039,149.0322581,68.05622565,0.834005376,0.813667233,0.445979414,29.22567701,160.0645161,31.87096774,74.62135561,124.0451613,0.136237391,33.81174789,4.410588878,0.283598843,51.0597982,-,-,-,-,-,0.105818212,0.024821202,0.019312096,15.39879619,17.96735106,26,19.23076923,11.53846154,46.15384615,23.07692308,0,0,94.54545455,1.369651691,1.635,3.182,15.3619791,48.76910645,121,13.41312662,-,-,-,0,0,0,0,0,0,0,0,2.371604938,2.004583333,-4.352123531,92.98167029,0.774233256,95.74983407,96.34795282,0.739410589,44.28887052,49.73267391,0.859982777,52.00806493,51.91383563,0.93255395,43.75665691,43.94527915,0.828483539,44.05049455,45.98275305,0.718940422,68.74659816,93.10039786,0.781502729,95.77459054,96.1194759,0.771721659,105.6348764,5.714109755,0.835547897,104.0437743,3.848224274,0.78346854,51.17611264,49.38012971,0.860285582,51.86021548,51.75311188,0.931317414,51.91763933,50.10216518,0.862803837,47.61471825,47.78488105,0.924718183,43.75665691,43.94527915,0.828483539,47.76037109,45.97416712,0.718938916,55.70012263,55.6470677,0.845609708,51.88930089,53.87666559,0.720212917,0,2.459016393,57.24043716,0.956284153,5.191256831,28.96174863,5.191256831
A111_4 1 month post-tx,20,WT,Undefined,,Trial0010,,4,2.756026647,20.3332907,27.5,0.166398393,-4.085983707,39.88044102,0.466958265,160.6875,76.42700274,0.945182292,0.810444079,0.51131065,54.56914326,167.71875,31.28125,83.94600618,137.3645833,0.10980715,50.9945301,5.5215136,0.280305486,58.62484731,-,-,-,-,-,0.114328543,0.037584302,0.013107703,20.63394267,14.24330283,0.199629169,-8.078065415,22.33867184,0.338619449,140.25,68.77376684,0.843359375,0.770476974,0.39948602,27.83835881,145.6875,31.40625,75.71608443,122,0.0733356,79.71354745,5.634032603,0.277874516,72.1436138,-,-,-,-,-,0.110115687,0.038699804,0.054502386,20.76995396,16.62249046,0.15491449,-3.967016858,33.43202203,0.430756579,151.3235294,70.89294109,0.9,0.80247678,0.484786184,48.62589496,158.6176471,31.5,77.53614274,125.8764706,0.110517591,49.36224964,5.370581813,0.268060364,58.01850564,-,-,-,-,-,0.106020697,0.014484897,0.037576874,20.56171998,15.33881953,0.167186414,-10.00506562,24.61221103,0.335221292,158.0606061,76.06729109,0.862878788,0.650239234,0.375636962,35.72498435,167.7575758,31.93939394,84.86613228,134.7010101,0.110804357,55.54376197,5.637744397,0.278259215,59.65423451,-,-,-,-,-,0.072622334,0.055745566,0.039730358,21.02954818,14.96453297,28,0,46.42857143,10.71428571,42.85714286,0,0,95.72649573,1.344209245,1.758823742,2.52325,20.53791291,40.28865172,131,13.78252589,-,-,-,0,0,0,0,0.692540186,0,0,0,1.976005747,1.558333333,6.221301567,6.73615677,0.883821127,-2.28922579,97.88854247,0.918128449,43.3003137,43.29601736,0.981943981,48.59820314,48.6151235,0.960273226,50.61675199,50.8044513,0.937113196,55.13872233,55.5585945,0.888572528,106.2148349,6.758557668,0.882622115,97.74744946,97.85843244,0.931108149,93.10820658,92.66563783,0.891410525,103.5564189,2.586834876,0.876940088,44.4144324,43.82314146,0.933301478,48.59820314,48.6151235,0.960273226,55.668629,56.05983762,0.934811039,52.00243423,52.43015579,0.875580473,51.66637602,51.48127279,0.896814966,55.13872233,55.5585945,0.888572528,47.9625559,48.19297161,0.905843402,45.21906257,44.95672131,0.831587182,0,0.573888092,52.79770445,0,2.008608321,34.86370158,9.756097561
A111_4 1 month post-tx,23,WT,Undefined,,Trial0011,,3,3.591755188,14.98467924,42,0.174002194,-4.630316084,48.55667403,0.396497738,143.90625,73.95466262,0.885416667,0.777138158,0.468373766,40.83303565,150.3125,31.40625,80.70507876,126.3041667,0.102537379,43.0398197,4.356103293,0.27279559,61.90582969,-,-,-,-,-,0.104762226,0.027343869,0.033901158,16.00686413,31.3936222,0.205578313,-8.120794906,22.9034002,0.374478824,169.125,74.62691562,0.947395833,0.706085526,0.461296258,31.59777512,175.375,32.9375,84.86420614,142.240625,0.070110232,67.25364434,4.310452855,0.266224262,72.51666107,-,-,-,-,-,0.059737967,0.066455693,0.07638817,15.57252593,29.36569667,0.170580981,-4.416697433,44.88516347,0.418250907,148.1034483,74.87400191,0.903735632,0.810980036,0.487149501,38.16420077,155.2413793,30.93103448,82.57769595,128.7356322,0.10707879,42.07187619,4.44030469,0.2784767,60.7079065,-,-,-,-,-,0.102537379,0.03281441,0.035229192,15.59527567,27.49708565,0.220609859,-7.700403491,23.56001935,0.376051604,162.03125,74.75290669,0.923046875,0.708305921,0.446197574,45.98016376,171.78125,31.5625,85.82032423,144.8145833,0.061797897,71.16967436,4.340433829,0.276921631,76.17960991,-,-,-,-,-,0.070463073,0.075416385,0.073355543,15.85456945,28.95300952,28,7.142857143,0,82.14285714,10.71428571,0,0,98.24561404,1.441071849,2.111492786,3.254666667,14.72126166,66.66992772,125,13.91289949,-,-,-,0,0,0,0,0,0,0,0,2.543145161,2.615948276,13.48478268,80.52153293,0.680126658,16.938788,83.88672507,0.584821965,52.1034497,52.54389139,0.874837585,49.25741976,48.96470812,0.852200264,35.77376652,35.07562324,0.695641366,31.25548572,29.42660016,0.615763864,73.9761751,81.46574375,0.704286742,66.09702121,83.41252393,0.5971135,25.96259864,18.90023329,0.670114678,31.6816213,15.77095617,0.670977545,52.28302322,52.60134612,0.864055989,49.22885898,48.91770733,0.846600695,46.38971035,46.23726738,0.848259026,51.06233936,51.50524286,0.879057582,35.77376652,35.07562324,0.695641366,35.09024356,29.43580755,0.615142643,62.05266379,64.59172499,0.657994427,66.13713918,72.21626186,0.646149019,0,1.876675603,32.17158177,1.340482574,4.557640751,46.64879357,13.40482574
A111_4 1 month post-tx,27,KO,Undefined,,Trial0012,,3,3.729336605,14.31213382,28.33333333,0.192319039,-3.10493262,43.22395318,0.432996711,154.5,74.39182515,0.920833333,0.821842105,0.483157895,45.35815207,161.2333333,31.2,81.6311421,132.2466667,0.124052292,37.52877331,4.65521545,0.319225076,60.64747874,-,-,-,-,-,0.101511022,0.050000281,0.040379915,14.1918227,19.74328396,0.211054432,-6.286048572,10.97890178,0.312039474,135.8518519,67.43886168,0.939197531,0.728947368,0.38939693,15.14652315,145.3703704,31.77777778,73.02265838,114.8987654,0.114150021,49.39901016,4.992279184,0.325760488,65.18524226,-,-,-,-,-,0.110767197,0.05517806,0.046391285,14.88263361,17.18458788,0.209297919,-3.544784528,48.88782773,0.396088816,153.0333333,75.81116395,0.920833333,0.772105263,0.474601974,35.93772084,160.5333333,31.26666667,84.5520961,134.3977778,0.097751355,46.26364378,4.495632082,0.307716499,67.74007302,-,-,-,-,-,0.119621853,0.042503531,0.047503002,13.99645386,18.84819481,0.196853064,-8.855390734,11.90763897,0.330956216,147.3793103,64.37222628,0.994109195,0.766878403,0.401416742,20.5749257,155.2413793,31.44827586,69.17963178,116.235249,0.120734718,47.52717156,4.828391986,0.322611069,61.61956413,-,-,-,-,-,0.096787399,0.045590368,0.053580255,14.68222962,17.21679905,25,4,4,0,88,4,0,95.23809524,1.418867225,0.908867481,3.462666667,14.09530535,52.69583124,116,11.73674471,-,-,-,0,0,0,0,0,0,0,0,1.717,1.890705128,12.0617819,11.73431666,0.912040787,11.17523426,10.76948292,0.884620723,48.84430667,48.0500096,0.871525776,54.73274596,54.30124563,0.917667558,58.02775182,57.71746154,0.876086306,66.01477076,65.6029715,0.880651468,19.08608937,11.0181881,0.85935357,110.6893545,10.27726869,0.880478445,82.77913233,88.35387063,0.759688657,85.3916803,89.0362909,0.703058991,48.67966462,47.82907301,0.868607,53.69813415,53.66982943,0.959331309,52.22923115,52.85014233,0.893752844,46.25078041,46.65566443,0.905296327,57.95367774,57.6873498,0.880431202,66.11903339,65.75918218,0.878728201,42.44723095,42.78147974,0.802966302,37.69513397,34.1475065,0.705908488,0,4.238410596,40.13245033,2.516556291,5.562913907,43.04635762,4.503311258
A111_4 1 month post-tx,28,KO,Undefined,,Trial0013,,3,3.599944729,14.96469183,15,0.21037312,-2.606130452,40.00790589,0.412697368,148.9615385,69.73833486,0.918108974,0.817105263,0.478512146,48.85685447,154.9615385,31.19230769,77.14931528,126.425641,0.13868918,39.77613703,5.192547017,0.35041712,60.52344766,-,-,-,-,-,0.126539048,0.051284945,0.033906863,15.04276548,10.81182394,0.198580962,-8.44237302,25.05427688,0.294783835,151.2142857,73.45064737,0.85,0.596334586,0.33756344,45.86128397,164.5714286,32.39285714,83.45390155,130.1404762,0.126791498,51.95299822,5.03265585,0.328795477,62.07556732,-,-,-,-,-,0.125584981,0.017199912,0.05760986,15.25915172,15.84175007,0.221894903,-2.426057841,35.760032,0.442894737,151.0384615,70.8391804,0.920833333,0.819838057,0.49632085,50.59456563,158.1538462,31.03846154,78.01782468,125.9461538,0.126539048,41.83988665,5.204966733,0.347378543,63.00187313,-,-,-,-,-,0.13868918,0.034776312,0.050848642,15.15357561,13.50926955,0.184068243,-9.187961353,24.74528736,0.263574561,128.7777778,66.16053953,0.821141975,0.576315789,0.310921053,35.06841161,138.8888889,31.59259259,73.65511282,110.237037,0.149155315,37.64549697,4.988266404,0.330399083,54.93198334,-,-,-,-,-,0.113735766,0.055840756,0.018333942,14.98450047,13.59564377,23,17.39130435,13.04347826,34.7826087,34.7826087,0,0,95.83333333,1.198823381,2.129712919,3.353333333,15.09137074,37.12940121,107,11.11155863,-,-,-,0,0,0,0,1.291202166,0,0,0,2.668055556,2.737980769,12.75653567,97.5888051,0.430466718,9.062831421,95.14605925,0.574758345,52.60158801,53.49284227,0.790774602,49.50281562,49.47985887,0.947105164,42.86437089,47.20014917,0.583213544,38.86326726,45.914122,0.532161214,52.35617163,97.04605509,0.508624844,54.34962328,95.98077659,0.620068792,45.55574912,3.609441106,0.505653654,56.29175572,2.368706961,0.708482728,52.60158801,53.49284227,0.790774602,48.66146726,48.6636128,0.960202249,46.28916384,46.56331333,0.864465235,50.68742337,50.68244145,0.960394416,47.21219698,47.20014917,0.583213544,47.41866698,46.09605372,0.538895513,55.00380747,51.81777533,0.662879716,52.93348513,54.76932386,0.527357622,0,4.149377593,48.54771784,1.521438451,6.915629322,32.50345781,6.362378976
A111_4 1 month post-tx,29,Vehicle,Undefined,,Trial0014,"Run 029, 030 are not compliant.",3,6.188799273,8.951467751,48.66666667,0.281256175,-3.026204783,50.07707599,0.393601974,163.0588235,79.15402322,0.895833333,0.727244582,0.459917763,51.11767858,167.8235294,31.11764706,87.5518699,139.6686275,0.122035425,33.19659146,4.01798168,0.406360243,68.1412135,-,-,-,-,-,0.101428305,0.099820488,0.08243203,9.889240589,32.51127211,0.317236875,-5.396200286,19.6924678,0.337046669,120.34375,63.9173506,0.865494792,0.692763158,0.415842928,39.42750471,134.59375,31.59375,72.63865158,114.94375,0.162120666,35.20100064,4.327589583,0.436106087,64.57628333,-,-,-,-,-,0.092589583,0.089147768,0.130799356,10.47902967,39.12261742,0.29175729,-2.274700579,33.86758005,0.422044173,162.4857143,76.48904631,0.93297619,0.785639098,0.485027256,41.08283316,169.0857143,31.51428571,84.97396061,140.34,0.09857057,41.04217172,3.883066478,0.393661415,72.15086825,-,-,-,-,-,0.122035425,0.08243203,0.097566641,9.870297353,35.90277526,0.345763128,-4.412670304,18.064936,0.326299342,138.25,68.00600777,0.89525463,0.603947368,0.396200658,36.69409869,153.9444444,33.08333333,78.33994407,125.854828,0.096491183,46.38002005,3.878006257,0.424685593,74.93908116,-,-,-,-,-,0.142001054,0.095312508,0.088226151,9.823614513,40.54596748,29,27.5862069,6.896551724,41.37931034,17.24137931,0,6.896551724,92.8,1.583344082,1.54275876,5.723,9.026090592,93.77115206,137,8.795762799,-,-,-,0,0,0,0,0.290719369,0,0,0,2.800277778,3.121236559,15.14567861,90.46670344,0.422104239,13.75093805,97.49929744,0.421850082,34.59360621,55.67495029,0.479362142,46.74581689,51.22490221,0.791450801,40.09119189,46.94715921,0.500657254,34.12638013,38.71555479,0.368243218,55.84851147,89.96613444,0.480619549,50.99641465,96.86266184,0.565035974,46.01491641,11.91131623,0.42172816,45.95756326,7.394023933,0.429253294,57.09030985,54.68753605,0.440211779,50.22822159,51.21503549,0.775502936,40.58316956,43.36191814,0.466314162,49.71494609,49.05237972,0.833380884,44.24589569,46.72136061,0.473883642,41.54288638,37.97582511,0.373142414,56.67504069,57.07536682,0.390832253,55.44259192,59.61774542,0.433130918,0,2.204081633,28.48979592,1.959183673,4.163265306,42.93877551,20.24489796
A111_4 1 month post-tx,30,WT,Undefined,,Trial0015,,3,4.051075993,12.85846183,26.33333333,0.204402005,-2.980102416,34.24130811,0.382944079,137.0588235,71.13893843,0.879166667,0.746052632,0.437269737,40.49176502,144.7352941,31.32352941,78.97250648,120.2098039,0.110305401,37.94039448,4.110029528,0.311834807,64.64568341,-,-,-,-,-,0.102709109,0.046683697,0.054297988,12.95971826,15.78838316,0.26009747,-6.323398121,24.96356282,0.406720806,175.75,75.13881009,0.936328125,0.761595395,0.464284539,30.04769232,180.34375,31.4375,84.35101922,146.06875,0.068463,66.15718054,4.185760676,0.331262268,79.50496308,-,-,-,-,-,0.065678496,0.085428694,0.112755952,12.70007586,15.3175696,0.209343865,-2.547762186,41.85472452,0.3825,145.875,72.89456083,0.918619792,0.752713816,0.449500411,48.90539762,153,31.34375,80.47424615,124.5125,0.102709109,40.1434157,4.082349213,0.309501883,66.84973911,-,-,-,-,-,0.110305401,0.053053878,0.047880265,13.01748337,15.63031146,0.262639319,-5.112519177,19.69155963,0.388319285,168.4375,70.89201175,0.96953125,0.706085526,0.458622533,25.82342029,173.625,31.375,78.14693469,136.2708333,0.065678496,66.83248181,4.169410424,0.326440803,79.63575528,-,-,-,-,-,0.068463,0.111708862,0.086117343,12.68408082,14.32630406,29,13.79310345,3.448275862,0,82.75862069,0,0,96.66666667,1.362488038,1.639287156,3.823666667,12.8183027,44.67533528,130,11.9886616,-,-,-,0,0,0,0,1.314090407,0,0,0,1.443229167,1.541235632,6.102992246,6.222074861,0.944696877,14.04762979,11.40778904,0.902801222,53.83500762,53.8182115,0.977238975,51.97588254,52.14405851,0.93472834,58.91638199,59.16315405,0.919931808,58.9597337,58.94169438,0.940446733,105.867951,5.956045053,0.945181389,14.04762979,11.40778904,0.902801222,95.3700285,94.34180697,0.885226435,82.79244147,87.39953969,0.814577588,53.59779113,53.5830154,0.979747711,51.7946517,51.96624591,0.932386108,45.75908245,45.80822351,0.956300359,47.65178671,47.71873282,0.927253097,58.91638199,59.16315405,0.919931808,58.9597337,58.94169438,0.940446733,40.76717074,40.15205743,0.871971554,40.85412004,40.99721807,0.844759101,0,1.014656144,20.40586246,0.450958286,0.901916573,62.57046223,14.65614431
A111_4 1 month post-tx,31,WT,Undefined,,Trial0016,,3,3.807567982,14.46454962,17.66666667,0.204193874,-2.899875094,38.43766673,0.431654605,140.8666667,70.00693243,0.946805556,0.807631579,0.497082237,40.25366727,145.7,31.26666667,78.58079119,125.3888889,0.118823996,39.12110977,4.59847975,0.324606975,63.49994531,-,-,-,-,-,0.110320695,0.043423306,0.053796642,13.69323587,14.31086917,0.184520442,-7.834629364,19.23307271,0.31078125,130.7857143,63.85208922,0.827232143,0.672462406,0.369378524,29.98989817,138.9285714,32.32142857,69.51044079,107.4190476,0.153907012,33.20319967,4.781879814,0.338179356,53.10242782,-,-,-,-,-,0.111864226,0.050337461,0.027291371,13.77174124,10.31412359,0.212608261,-2.937390968,42.43677351,0.422763158,146.2758621,70.21544725,0.952586207,0.786479129,0.497735935,47.91835999,151.862069,31.34482759,78.42836684,124.8252874,0.110320695,43.37883672,4.617156094,0.324780992,65.52740591,-,-,-,-,-,0.118823996,0.053656614,0.041816608,13.83970097,12.01856591,0.211238936,-6.308087987,27.12012978,0.283751134,128.8965517,69.60280678,0.818247126,0.595372051,0.331997505,48.37588541,142.4137931,31.5862069,77.57474591,118.6873563,0.125314225,40.15302772,4.754659666,0.335553785,62.17354927,-,-,-,-,-,0.135917116,0.017194254,0.05993789,13.81451948,11.94975216,25,12,4,4,76,0,4,94.33962264,1.431473015,1.348822715,3.454333333,14.13416431,40.57406162,116,11.81440972,-,-,-,0,0,0,0,0,0,0,0,1.87202381,1.869494048,9.914195241,9.564727313,0.854339031,104.0782524,5.817889181,0.853235808,42.41902927,48.03751492,0.806211632,51.75639278,52.30095184,0.881923007,52.80480098,54.51585387,0.830366398,60.96843884,60.641981,0.894542553,109.9252038,9.573807388,0.854829616,104.533739,6.117828658,0.876227611,72.63954864,91.36151414,0.790627382,80.67250374,92.99217807,0.750062182,50.40719495,47.86434286,0.789979358,51.2431899,51.78305915,0.879602537,53.08088802,51.74550111,0.778379142,47.88992283,48.11353557,0.927544589,52.80480098,54.51585387,0.830366398,62.52915474,61.50781817,0.827629324,47.17001667,45.73579299,0.715761601,37.32205515,38.53191121,0.803457772,0,1.98019802,55.32178218,3.589108911,1.608910891,26.85643564,10.64356436
A111_4 1 month post-tx,33,EXC,Undefined,,Trial0017,,3,3.514656156,15.37304825,34,0.206236945,-2.990536818,39.5076613,0.390830309,135.4482759,70.86067068,0.918390805,0.766878403,0.45625794,41.39946958,141.9655172,31.44827586,78.24991182,120.3816092,0.096776017,48.01517775,4.484200913,0.306840145,68.06281268,-,-,-,-,-,0.10539637,0.065457495,0.038088079,14.95443196,21.93388078,0.248025916,-8.055709391,35.72133501,0.328144737,134.12,62.87101691,0.872666667,0.656526316,0.394578947,43.48790069,141.4,31.76,71.24170046,113.4746667,0.108925525,53.72005025,5.411730834,0.364449622,68.94910823,-,-,-,-,-,0.142696865,0.076137521,0.032035041,15.59655454,20.1288344,0.199364368,-2.959983346,38.94307321,0.388371711,137.0333333,67.89717972,0.878333333,0.791052632,0.455644737,43.12139484,142.0333333,31.03333333,74.55271551,114.9511111,0.10539637,44.26844029,4.603649193,0.307312456,64.60719087,-,-,-,-,-,0.096776017,0.038784723,0.067974778,15.01791047,21.01760445,0.198986087,-7.412910263,23.21708136,0.351763393,155.9642857,67.70325665,0.893005952,0.654699248,0.40784422,32.6489151,165.2142857,31.89285714,74.43238171,125.9428571,0.143777943,40.40041072,5.142467417,0.346672862,58.2600429,-,-,-,-,-,0.096810335,0.029521318,0.075541297,15.69101826,19.57461833,23,4.347826087,17.39130435,17.39130435,60.86956522,0,0,89.32038835,1.328796404,1.646953823,3.301333333,15.15800506,56.38776434,112,11.83902345,-,-,-,0,0,0,0,0,0,0,0,1.6915,1.528365385,10.53076342,6.37139651,0.692433575,10.78005444,3.805804716,0.600123642,42.18295769,43.73663762,0.772800157,45.64369051,46.2332845,0.906463342,40.27121058,56.19696419,0.589010023,47.82387115,54.23314636,0.732374642,31.89627196,5.798333121,0.715498416,42.85858076,2.624436751,0.589150073,69.61992677,94.65107294,0.567397874,64.83517962,99.87845283,0.645547402,46.34962436,43.73663762,0.772800157,45.64369051,46.2332845,0.906463342,58.27445728,56.98429274,0.689890913,54.53095685,54.03827779,0.853953693,55.77419966,57.00800572,0.522760214,52.6433796,54.23146837,0.692991939,50.00746758,45.37796488,0.4716929,47.7595771,44.95420088,0.569484274,0,2.98102981,44.17344173,1.62601626,3.658536585,33.60433604,13.95663957
A111_4 1 month post-tx,34,WT,Undefined,,Trial0018,,3,3.214725475,17.27820835,33.66666667,0.159737788,-4.786938881,41.27707151,0.384177632,131.2,69.64745146,0.835833333,0.746052632,0.431822368,42.73610513,134.3,31.66666667,75.45080249,114.0511111,0.09909656,47.09783299,4.523631871,0.25994369,61.3959535,-,-,-,-,-,0.096270363,0.02674178,0.037795492,17.67766399,21.70642959,0.174380448,-9.727874597,23.12257678,0.358174342,144.5,70.17453715,0.831111111,0.750789474,0.410348684,33.16591336,151.7333333,31.73333333,77.46479329,125.3311111,0.094659538,52.66527626,4.629129017,0.267708915,63.25230554,-,-,-,-,-,0.105751779,0.010353483,0.041413454,17.65296579,22.16134518,0.166726709,-4.474214921,39.1989968,0.406322368,150.7666667,69.97082226,0.897222222,0.760263158,0.456148026,54.37162053,157.0666667,31.56666667,75.77103756,124.2955556,0.099835932,46.46668947,4.611730125,0.269188045,60.54465287,-,-,-,-,-,0.102907966,0.039934851,0.026878882,17.68355048,20.9711216,0.145428429,-10.65623031,27.26242516,0.290733553,121.5333333,65.04493387,0.762638889,0.620526316,0.316065789,57.36201624,130.7666667,31.73333333,70.2808801,106.0466667,0.120172453,40.91875385,4.68625387,0.265490067,51.77249212,-,-,-,-,-,0.081717916,0.054725395,0.010353483,17.69898837,22.17996338,27,29.62962963,18.51851852,7.407407407,44.44444444,0,0,99.08256881,1.458947368,1.269507177,2.905333333,17.26007979,57.46679479,120,14.44791672,-,-,-,0,0,0,0,0,0,0,0,1.814798851,2.135119048,0.801270347,2.02234953,0.757863915,2.054182377,2.793333956,0.899940995,53.95977579,53.45932176,0.840820969,47.24957866,47.94458142,0.889797522,53.73280993,54.3316107,0.889526973,47.98284049,48.37378818,0.827142395,100.7996141,1.483756047,0.784082113,101.9888782,2.456201063,0.911296578,60.43764912,98.86786331,0.749436786,98.10763825,97.62668089,0.907781589,53.73902526,52.61494768,0.83236944,48.46387942,48.53077915,0.840786408,46.26488959,46.82498482,0.86116033,51.46544372,51.56972339,0.946414809,53.73280993,54.3316107,0.889526973,47.98284049,48.37378818,0.827142395,46.96278958,46.7023736,0.787868543,52.34201639,51.42527173,0.794882894,0,5.63583815,56.06936416,2.167630058,2.023121387,23.26589595,10.83815029
A111_4 1 month post-tx,36,WT,Undefined,,Trial0019,,3,4.105078807,14.13468715,33,0.191608658,-5.091938359,46.07196469,0.338182566,132.5833333,67.59085052,0.792939815,0.702631579,0.374111842,49.43923353,136.1111111,31.61111111,73.61565154,109.8462963,0.096484777,38.15607281,3.685441358,0.290645656,63.95158181,-,-,-,-,-,0.078272434,0.038236256,0.07098625,13.70085423,30.59849703,0.194007109,-8.820867694,30.0801409,0.217043586,130.9375,70.26800535,0.776953125,0.543996711,0.263912418,50.43402992,139.59375,32.875,76.45268112,109.7260417,0.135335268,34.78766434,4.373941864,0.336285651,55.9898195,-,-,-,-,-,0.088009732,0.078690793,0.038207924,14.66811324,24.51742015,0.218197314,-3.277588303,44.87800891,0.368141447,146.2941176,71.42051505,0.854166667,0.720975232,0.421578947,44.83262924,151.0294118,31.52941176,78.63849852,121.6861345,0.085255473,47.97971994,4.024884931,0.308420926,68.65332166,-,-,-,-,-,0.102709601,0.077179166,0.043605771,14.18513731,27.01257394,0.231221289,-6.977926299,20.53640306,0.312201825,135.9677419,68.26770586,0.79516129,0.641765705,0.35214028,30.34773312,143.3225806,31.74193548,74.95547326,115.8537634,0.101947841,49.0338166,4.326702783,0.33827742,66.96180461,-,-,-,-,-,0.119805576,0.03689041,0.076322874,14.38051381,25.39591979,26,26.92307692,15.38461538,0,50,3.846153846,3.846153846,88.88888889,1.571419173,1.862265038,3.891333333,14.53965172,65.60382601,133,11.82459706,-,-,-,0,0,0,0,0.256685681,0,0,0,2.745972222,2.633482143,6.946805499,1.837028235,0.74586517,7.758168388,4.763186675,0.775945005,42.1113444,45.6353914,0.745627217,43.19551151,53.04240008,0.733506954,47.45767959,51.42057638,0.701468551,43.73015633,57.70386996,0.631606462,42.73151452,1.739901171,0.760043667,26.76795781,4.605370639,0.786384667,71.90675492,95.80513963,0.59286007,75.52690608,94.80321909,0.711415455,46.16132668,45.16918863,0.725941151,52.8976051,53.43072491,0.677948784,53.84945624,54.90889362,0.771105946,47.69928217,47.85391662,0.868724921,51.30383343,51.42057638,0.701468551,56.13842231,58.4229371,0.592204589,51.90564177,50.32160691,0.489102542,43.68768779,40.66315949,0.561557438,0,2.668213457,40.60324826,1.50812065,3.596287703,29.23433875,22.38979118
A111_4 1 month post-tx,37,Vehicle,Undefined,,Trial0020,,3,2.770846521,19.24710664,36,0.156678233,-5.317859745,36.46593335,0.383804825,140.2962963,74.61821671,0.902469136,0.723684211,0.443640351,34.64439827,143.3333333,31.7037037,79.72159508,119.1679012,0.099201297,51.58878185,5.032806642,0.260461411,60.64222788,-,-,-,-,-,0.103789921,0.028322074,0.028741352,19.95670102,22.89958809,0.174087292,-9.561607527,30.1186514,0.393497807,155.962963,66.72004719,0.91558642,0.734210526,0.462280702,32.96280475,160.5555556,31.7037037,75.20081103,126.6395062,0.078776616,65.70440988,5.010088289,0.256286439,67.8337472,-,-,-,-,-,0.070016197,0.049990261,0.053325491,20.39395334,21.87826687,0.153736298,-3.798786672,25.02758815,0.412138158,139.0740741,69.39098601,0.910339506,0.757894737,0.462653509,40.01723427,146.1111111,31.66666667,76.0110451,117.2296296,0.103789921,51.2748849,5.037486121,0.259651031,59.44698665,-,-,-,-,-,0.099201297,0.028737796,0.027067368,20.36270101,21.57415871,0.178157975,-8.741756024,28.33550782,0.321359649,144.7037037,69.96283852,0.85,0.660526316,0.382686404,44.12172047,154.5925926,31.62962963,79.12644506,126.2419753,0.070016197,72.62684391,5.020898351,0.251683486,71.1543221,-,-,-,-,-,0.078776616,0.052900411,0.049990261,20.33651363,20.4354468,24,16.66666667,4.166666667,37.5,41.66666667,0,0,100,1.292730263,1.713157895,2.484,19.54850409,54.31563701,108,15.28244022,-,-,-,0,0,0,0,0.536771223,0,0,0,1.374691358,1.592333333,0.078804026,0.264744512,0.826914502,0.994418028,1.28855592,0.825515419,52.63721953,52.57281063,0.893475715,50.89368521,51.06439927,0.902426281,49.94356417,49.88784324,0.865613206,49.64434434,49.64314016,0.873984987,98.78289711,98.87816691,0.815250757,100.8946891,0.954260604,0.853179821,45.01289431,2.629766062,0.768055367,99.28828601,99.09112624,0.841295062,52.36973146,52.26747524,0.886592419,50.20356863,50.34986733,0.9057976,48.46845526,48.23111925,0.923340362,49.91180636,49.85834473,0.911657416,50.94356417,50.58592964,0.822194445,49.64434434,49.64314016,0.873984987,49.87724179,50.00834359,0.775668697,51.34930112,51.71487111,0.831205533,0,1.490066225,48.8410596,0.165562914,0.331125828,36.42384106,12.74834437
A111_4 1 month post-tx,38,KO,Undefined,,Trial0021,,3,4.584449283,11.47823556,42.66666667,0.212600339,-3.46642253,48.65827143,0.347557331,144.8571429,76.97836186,0.904642857,0.688195489,0.410971805,51.35378177,149.4571429,31.42857143,84.71457344,126.3066667,0.103311397,37.86551435,3.805081819,0.320549182,66.12193999,-,-,-,-,-,0.102299408,0.066590365,0.042978564,12.17579333,24.30857173,0.235890595,-7.364329293,30.19808016,0.318256579,152.5,79.0002046,0.88125,0.633204334,0.373914474,35.90372195,161.5882353,31.73529412,86.50559558,135.0823529,0.108258279,42.29019703,4.089671104,0.340236359,67.23755321,-,-,-,-,-,0.139829938,0.034444918,0.061993108,12.35484386,22.3597266,0.218596578,-3.35603217,45.86631255,0.390696429,151.2857143,74.94811809,0.914761905,0.743007519,0.465327068,41.00826468,156.0571429,31.25714286,82.61916677,129.3752381,0.105496265,38.818643,3.973838169,0.326482956,66.66172864,-,-,-,-,-,0.106644022,0.046072485,0.070241824,12.36607066,24.73368863,0.200386601,-7.367127449,22.69237504,0.38942023,161.71875,77.63887622,0.867708333,0.723848684,0.427166941,28.09571517,168.1875,31.375,84.0276967,134.7625,0.143962796,30.40949822,4.124498235,0.338903184,55.79676284,-,-,-,-,-,0.103425162,0.057025971,0.034800336,12.6522502,26.22649785,29,6.896551724,13.79310345,3.448275862,75.86206897,0,0,94.30894309,1.571197158,2.054409526,4.211666667,11.48382707,61.27530274,136,11.51302684,-,-,-,0,0,0,0,0,0,0,0,1.644661458,1.869086022,9.477051896,6.512941398,0.828713975,5.232691363,5.159134652,0.850124627,50.41882894,49.99011745,0.892134949,49.13283306,49.49017631,0.842199366,54.68249359,54.92783455,0.900231659,56.53650698,56.35698236,0.864293519,28.76276618,6.558352468,0.831224433,34.03025131,5.273875988,0.862424345,92.85925065,93.30738394,0.858228985,82.73008891,94.69747709,0.797298404,49.38589781,49.43625101,0.934907543,49.13283306,49.49017631,0.842199366,50.86443042,50.46514267,0.892494264,51.38422039,51.3325311,0.820185477,55.44182354,55.53820982,0.872290632,56.53650698,56.35698236,0.864293519,44.99583791,44.66787633,0.788472025,43.93899134,44.06979947,0.791373949,0,1.62601626,51.2195122,0.81300813,0.304878049,31.91056911,14.12601626
A111_4 1 month post-tx,39,KO,Undefined,,Trial0022,,4,4.21577401,12.33498547,37.5,0.193169934,-3.765437466,46.18435237,0.410290332,150.4130435,75.60587451,0.870018116,0.781578947,0.459087529,45.14839183,156.2608696,31.06521739,82.69251875,128.3449275,0.097701205,39.16426354,3.813021834,0.286447573,64.33967853,-,-,-,-,-,0.105286465,0.048558882,0.041751563,13.49031801,32.13812751,0.228524183,-7.555251401,23.93572533,0.375230263,172.1111111,75.69511468,0.90037037,0.686842105,0.432940789,24.18135711,177.8444444,31.62222222,85.86373091,142.6074074,0.089369522,51.99053758,4.041058681,0.309018794,70.10532091,-,-,-,-,-,0.091758618,0.074404842,0.060379911,13.49814332,31.99660235,0.189909731,-3.277748604,37.35573702,0.384962906,148.0638298,72.24723511,0.845478723,0.761926092,0.430580207,42.27461977,153.8085106,31.36170213,78.64564308,121.8737589,0.107734987,38.47221703,3.92337375,0.29464606,62.11036571,-,-,-,-,-,0.100084161,0.036770606,0.050894391,13.77985193,32.52461557,0.223556173,-7.705969942,24.90439663,0.352193221,157.5434783,71.54396024,0.834601449,0.679633867,0.393222254,27.86876382,162.4565217,31.86956522,79.23812666,129.2297101,0.092234062,49.87078462,4.062922431,0.311645634,67.74308384,-,-,-,-,-,0.088882482,0.056738651,0.078167648,13.71202154,33.4853672,39,15.38461538,12.82051282,25.64102564,43.58974359,2.564102564,0,93.97590361,1.281235115,1.768314974,3.95625,12.26855279,77.65409316,184,12.47732887,-,-,-,0,0,0,0,0.378558473,0,0,0,2.149186992,2.243055556,4.225660029,2.08376412,0.629333136,4.943216249,1.759799375,0.71793469,47.31189664,48.35516426,0.846392679,47.37275029,48.00080709,0.857711173,48.6010456,53.45251678,0.750923911,43.66743916,50.95652145,0.585432473,44.83514203,1.73173071,0.705823382,48.47109187,1.699999031,0.74502689,65.76210628,97.43038499,0.611116402,70.13985683,97.51985014,0.679302181,47.9808952,48.81154815,0.823513779,47.37275029,48.00080709,0.857711173,50.86216254,50.23753074,0.849183623,52.05791733,51.3501122,0.870131913,51.18563206,53.48897459,0.753319844,51.08410583,51.00599816,0.590328962,46.95051665,43.86339031,0.600667804,50.14074601,47.48154478,0.541415244,0,1.432181971,40.1853412,0.842459983,4.128053917,34.28812131,19.12384162
A111_4 1 month post-tx,40,WT,Undefined,,Trial0023,,3,2.916168913,18.05027771,23.33333333,0.156345081,-3.941814934,39.83735446,0.442894737,160,75.07380607,0.92816092,0.825680581,0.501033348,48.43079,166.5172414,31.03448276,81.60127493,134.7195402,0.097944342,49.28531025,4.74958731,0.254659704,61.51602306,-,-,-,-,-,0.116389932,0.020742949,0.021125249,18.43020476,15.57761179,0.185421743,-8.996931716,31.84991126,0.423601974,177.2,76.22198245,0.946805556,0.767368421,0.492217105,32.18726786,181.0333333,31.1,86.19981734,149.5266667,0.0521515,86.19829841,4.406156527,0.234505427,77.56624788,-,-,-,-,-,0.06405016,0.054417164,0.066807864,18.47091549,15.65721367,0.140849463,-5.664601817,48.55538064,0.380243875,141.4482759,70.02736748,0.828017241,0.806079855,0.430399274,41.48986499,146.5862069,31.48275862,77.00551247,118.6827586,0.116389932,41.82375949,4.790793747,0.258126859,54.76296378,-,-,-,-,-,0.097944342,0.021892249,0.020742524,18.27152153,14.84094283,0.173524424,-8.628350949,20.66633858,0.318016036,140.03125,72.70650567,0.898697917,0.610608553,0.369603207,55.12446244,164.40625,31.78125,84.89292666,135.1,0.06405016,73.3053961,4.408322216,0.234520036,72.61257737,-,-,-,-,-,0.0521515,0.063249603,0.056597723,18.30546059,17.51628903,25,8,16,64,8,0,4,95.23809524,1.42112069,1.551708211,2.789333333,17.86367824,42.04235835,120,15.33551625,-,-,-,0,0,0,0,0.238598611,0,0,0,2.103017241,2.401005747,11.33688389,88.50233326,0.422999178,21.08999448,82.98740647,0.493534624,49.60649943,49.48037846,0.925201194,47.70654389,47.46313533,0.914070618,34.2466746,37.69329324,0.51665195,33.38998192,35.04543277,0.460370682,61.70992579,88.8390999,0.458609868,68.20897662,83.6798533,0.521286656,45.20821418,10.92927221,0.493096998,34.60194993,16.37918809,0.532048475,49.60649943,49.48037846,0.925201194,46.77254843,46.71873079,0.940787498,50.63552038,50.74100065,0.917784427,53.03163054,53.19266823,0.923099222,42.2466746,37.69329324,0.51665195,37.18668522,35.15024363,0.459684504,59.59130865,63.29478468,0.564055873,63.0158922,64.79411836,0.548114231,0,2.127659574,32.73322422,0.654664484,6.710310966,48.93617021,8.83797054
A111_4 1 month post-tx,41,WT,Undefined,,Trial0024,,4,2.832868125,19.1331226,25.25,0.139396701,-5.329868923,42.74500179,0.416723684,145.175,71.40634682,0.903125,0.795789474,0.471833882,44.89120077,149.4,31.3,76.51375804,122.03,0.101872346,46.53898692,4.668910287,0.240100237,57.10273385,-,-,-,-,-,0.101691267,0.011460694,0.022631497,19.46196899,14.06457058,0.166797306,-9.54249534,24.45120936,0.425731275,155.1538462,69.36153103,0.960790598,0.768825911,0.481480263,32.30772696,162.3589744,31.30769231,77.54938218,129.0717949,0.068812787,69.37334817,4.610443974,0.234119109,70.15656971,-,-,-,-,-,0.091055144,0.023870436,0.051898771,19.58549515,15.44032352,0.137270567,-5.396231094,48.04655962,0.361308864,136.7894737,69.48834771,0.902192982,0.744182825,0.433888504,41.68600708,142.4473684,31.55263158,76.18422659,118.7052632,0.101984833,47.79590948,4.731721171,0.238355656,57.02794923,-,-,-,-,-,0.10159509,0.023315329,0.013600082,19.81654925,13.77114951,0.14564073,-9.741959622,28.25354119,0.29857648,134.175,71.45077892,0.805729167,0.618157895,0.339594572,51.97030839,147.225,31.475,79.01927503,122.3216667,0.091886788,51.69238329,4.588034308,0.237333363,60.93825997,-,-,-,-,-,0.067957381,0.05195407,0.025120768,19.45701377,15.02359492,34,26.47058824,11.76470588,58.82352941,2.941176471,0,0,96.45390071,1.331854067,1.921329114,2.62575,19.38298125,37.0524432,157,15.86502834,-,-,-,0,0,0,0,0.285632267,0,0,0,2.057894737,2.144675926,91.26496687,91.45205274,0.863408428,95.82456827,96.10979153,0.897091431,51.36230076,51.27558092,0.940030161,52.7458185,52.71261579,0.957219971,43.14142579,43.25115991,0.930414604,44.66465808,45.24346749,0.856371876,91.55230955,91.81424812,0.85814603,95.72649216,96.00828704,0.896679927,108.8306578,8.653541714,0.868106494,104.7809923,4.364449714,0.877171629,51.19068715,51.09037208,0.938324463,52.82657787,52.79563272,0.956400909,48.79989613,48.93122381,0.931006091,47.55170832,47.60913866,0.948906893,43.14142579,43.25115991,0.930414604,44.66465808,45.24346749,0.856371876,57.58459962,57.26796251,0.896212598,56.31112807,55.74124875,0.823237091,0,3.726708075,55.40372671,0.248447205,2.48447205,30.0621118,8.074534161
A111_4 1 month post-tx,42,WT,Undefined,,Trial0025,,3,3.185273551,16.82999203,51,0.144782587,-4.150806587,39.15706667,0.417011278,145.2142857,70.69043823,0.880357143,0.829793233,0.470395912,41.16399444,149.75,31.42857143,77.55049325,122.5142857,0.113030002,43.16198012,4.815267271,0.254018813,55.92358897,-,-,-,-,-,0.095243152,0.019970626,0.02573179,17.96988611,30.34617881,0.217530499,-8.021930346,25.74319289,0.350684915,150.8928571,77.68845664,0.852529762,0.73843985,0.414135338,44.56257706,169.9642857,31.5,86.13544221,141.3904762,0.06949932,73.54355584,4.98595202,0.264008446,73.09287368,-,-,-,-,-,0.076137728,0.073636411,0.066147541,18.16685442,27.51058096,0.166896532,-4.505117121,41.83236479,0.403710056,168.0714286,83.61818978,0.925892857,0.730827068,0.471114897,42.22038859,173.3928571,31.85714286,92.09308112,144.3190476,0.099052878,52.10547832,5.108854298,0.266405635,62.18376199,-,-,-,-,-,0.117739585,0.028291831,0.022465997,18.47314451,27.60556941,0.206834398,-8.26706974,23.71849788,0.401193609,159.5357143,72.65080442,0.872767857,0.791729323,0.453499765,35.05360192,170.5714286,31.60714286,80.55122163,135.4833333,0.075090284,66.87191327,4.869678773,0.272399441,71.09454572,-,-,-,-,-,0.066826269,0.05222932,0.076807677,17.55266494,29.0699393,24,4.166666667,12.5,62.5,20.83333333,0,0,97.95918367,1.39984642,1.57949718,2.982333333,16.62392994,59.37239878,112,13.82652735,-,-,-,0,0,0,0,0,0,0,0,1.934294872,1.915224359,-2.847189164,95.25377268,0.812370623,-4.520183561,95.50526678,0.905867402,45.92541415,46.03512053,0.93637924,54.15515938,54.17294773,0.919325668,42.19212018,42.19272243,0.946790416,49.23340388,49.12577269,0.900284688,70.09395944,95.50641265,0.832654496,95.47301338,95.43488975,0.922155327,104.4203629,4.534701909,0.866581096,105.063485,5.060077657,0.927595433,45.92541415,46.03512053,0.93637924,53.75666055,53.77219662,0.924355994,53.25985651,53.2358637,0.952854415,46.08287874,46.1378006,0.945294228,42.19212018,42.19272243,0.946790416,49.23340388,49.12577269,0.900284688,57.10692139,57.56149673,0.891742709,51.22470734,51.11313669,0.90505024,0,1.112877583,47.85373609,3.656597774,0.635930048,33.54531002,13.19554849
A111_4 1 month post-tx,45,Vehicle,Undefined,,Trial0026,did out of order by mistake,3,3.793789643,14.2882604,22.33333333,0.147258883,-5.599225992,40.17267667,0.391559211,146.125,74.17020469,0.883645833,0.719407895,0.42817352,48.62817474,150.65,31.65,79.71588125,123.93,0.083646873,39.91266111,3.310948376,0.230163715,63.60878983,-,-,-,-,-,0.07198747,0.033629124,0.042824575,13.87657507,19.87479347,0.177833918,-7.849637926,15.47281703,0.407821752,150.15625,66.14136839,0.83671875,0.819325658,0.466329153,20.26850662,155.28125,31.1875,71.56452379,117.7291667,0.118082576,38.68742084,4.22243953,0.297788416,59.85584897,-,-,-,-,-,0.084195557,0.064228092,0.031282169,14.25913976,18.95749045,0.163981512,-3.078379299,38.80775765,0.397347039,151.575,75.04085836,0.864166667,0.763815789,0.452583059,49.12618913,157.3,31.45,80.31516819,128.3225,0.073933077,47.20479772,3.439565467,0.237449122,67.68504502,-,-,-,-,-,0.085970397,0.043817094,0.035220081,13.9932241,19.7913797,0.213287135,-6.744368268,20.42828856,0.320885167,131.5151515,65.10170759,0.87790404,0.693301435,0.385397727,34.53764303,141.3939394,31.57575758,71.78273527,114.3777778,0.087856236,51.78181435,4.188105099,0.298511316,69.36797362,-,-,-,-,-,0.113607137,0.03098381,0.06678713,14.02385554,17.97038916,29,17.24137931,6.896551724,3.448275862,62.06896552,0,10.34482759,89.23076923,1.426250357,1.249002576,3.564333333,14.19368256,60.73040052,145,14.45247826,-,-,-,0,0,0,0,0,0,0,0,1.874553571,1.377586207,12.18838264,13.49421862,0.533430573,19.47903097,17.3108989,0.545196932,50.34215434,50.39533434,0.878163367,53.15985266,53.58111603,0.869567173,47.96687957,62.15814924,0.534632625,47.23504258,65.12360467,0.645537454,34.0907477,13.06160646,0.55853441,30.63432093,17.28462015,0.548027439,64.2926691,88.08435653,0.399575343,66.79298428,82.59239984,0.472342598,50.29608822,50.344727,0.874222678,52.884155,53.29722508,0.871353038,50.09615244,49.95060997,0.87121764,46.24527211,46.36252378,0.934078312,56.41722884,63.33547558,0.524690968,65.84243566,65.9475724,0.631307108,42.69590185,35.99624756,0.42887685,35.5973551,32.59956533,0.477457554,0.37037037,2.469135802,28.88888889,0.49382716,14.56790123,42.59259259,10.61728395
A111_4 1 month post-tx,44,Vehicle,Undefined,,Trial0027,,3,3.568724598,14.88002004,48.66666667,0.187168212,-2.986724454,35.22679126,0.444193548,149.5483871,74.7053927,0.936827957,0.79762309,0.5062118,44.05533368,154.9354839,31.35483871,81.55216477,128.8602151,0.103492661,45.75018679,4.490054808,0.294237842,63.04374724,-,-,-,-,-,0.111002418,0.045184644,0.036778142,16.3350446,28.50752311,0.230888868,-7.699910886,28.36826787,0.395396793,158.34375,75.65156944,0.978385417,0.681661184,0.47041838,36.6632088,164.96875,31.71875,84.37737414,137.1354167,0.068425611,67.63488808,4.418068693,0.302789001,75.70782763,-,-,-,-,-,0.086531555,0.041620205,0.095434309,15.92102075,29.04604404,0.173915208,-3.987118673,37.05211091,0.386558786,140.1612903,72.9164388,0.836290323,0.788455008,0.439647708,27.87699924,146.6774194,31.09677419,79.14868397,120.4172043,0.107038046,42.65798958,4.326532457,0.284188317,61.15205786,-,-,-,-,-,0.099923949,0.034935642,0.042074001,15.77032089,28.56856355,0.212845668,-7.144645958,17.89418969,0.382835526,139.8666667,70.86863733,0.890138889,0.689210526,0.426453947,37.92514851,158.5,31.73333333,81.02364607,132.6044444,0.086903297,51.80997563,4.466835803,0.292926703,68.06880801,-,-,-,-,-,0.067735315,0.107109457,0.039442055,16.24363843,32.45418864,28,17.85714286,7.142857143,71.42857143,3.571428571,0,0,98.24561404,1.289984951,1.759594459,3.344666667,14.5070671,69.34883385,124,12.98489234,-,-,-,0,0,0,0,0,0,0,0,2.204973118,2.223660714,87.71587072,87.88523817,0.811886769,-7.355817744,92.8905678,0.899445782,42.12628058,55.35132627,0.862636241,48.66125906,49.73502843,0.836965827,36.51653088,41.41115107,0.768064554,38.59200758,37.90161148,0.869744697,88.55038205,88.37238041,0.876160475,92.61429382,92.66031147,0.910431617,112.779035,12.77460956,0.877586859,27.46356295,8.204949456,0.85105245,55.13540224,55.0852935,0.862800124,49.44618434,50.18199814,0.797378634,44.26304346,45.29305158,0.811737525,50.54324867,50.87038146,0.805348483,44.00276676,41.78719838,0.729669894,38.59200758,37.90161148,0.869744697,56.9237063,60.21052424,0.741411968,61.82179781,63.35073715,0.791922251,0,1.140684411,42.45880862,0,1.901140684,35.61470215,18.88466413
A111_4 1 month post-tx,43,Vehicle,Undefined,,Trial0028,,3,3.977790083,13.42023578,20,0.193033127,-3.322865087,47.59838039,0.402775376,145.3428571,72.51125632,0.918809524,0.801879699,0.472229323,51.55339658,149.9428571,31.4,78.09190872,124.687619,0.10837506,39.13175984,4.13080772,0.300764288,64.0061527,-,-,-,-,-,0.111220765,0.038366787,0.046436286,13.65453391,18.14556675,0.227997739,-7.117499543,21.05759975,0.309365748,150.90625,78.70841708,0.91640625,0.606167763,0.36630037,43.40829047,164.96875,31.40625,87.4384389,138.4604167,0.087541205,54.93009729,4.28030214,0.315686934,71.8834292,-,-,-,-,-,0.070296878,0.090618702,0.069620673,13.56190984,16.37409049,0.191962012,-2.987387203,42.61351806,0.387680921,149.3529412,75.14421386,0.9375,0.733513932,0.462878289,51.40599007,156.1764706,31.44117647,82.33914118,128.345098,0.111220765,37.82629669,4.0653708,0.303058969,62.88122983,-,-,-,-,-,0.10837506,0.040296322,0.036854833,13.4370105,16.26654857,0.246223132,-9.469539694,44.47538912,0.319665072,163.3030303,72.42009948,0.938005051,0.688995215,0.422610646,35.49562888,167.9090909,31.63636364,81.73038666,134.6424242,0.070296878,64.74913859,4.227422707,0.314822199,77.22270308,-,-,-,-,-,0.087541205,0.066849423,0.090643423,13.52031077,15.24002003,31,0,12.90322581,51.61290323,35.48387097,0,0,97.63779528,1.400148741,2.252297203,3.811333333,13.41978197,48.36592416,134,12.46021745,-,-,-,0,0,0,0,0,0,0,0,1.777473958,1.818817204,97.4931512,97.9556394,0.801964623,-2.165026255,96.26098679,0.733178815,49.05457584,49.24256769,0.886130265,50.06589643,50.3625588,0.808013684,46.5247469,46.42727556,0.849327833,40.89974269,47.85729107,0.706791236,97.41213218,97.7537059,0.820568413,69.87664091,95.9132447,0.748654664,54.35846895,2.420881302,0.748010768,43.11232492,5.040292665,0.753438873,49.0230617,49.21396504,0.882373773,50.06589643,50.3625588,0.808013684,51.03473599,51.15202277,0.873305963,51.30670749,51.45104614,0.87982466,46.5247469,46.42727556,0.849327833,48.56349979,48.25223096,0.666002604,52.94624233,53.85755821,0.756190531,51.10298994,52.31400779,0.602477459,0,1.124859393,39.14510686,0.337457818,0.562429696,40.15748031,18.67266592
A111_4 1 month post-tx,46,Vehicle,Undefined,,Trial0029,,4,3.397967584,16.99559625,30.25,0.187080963,-3.635819724,44.805792,0.434597262,154.4324324,72.65812588,0.98018018,0.833428165,0.516211771,48.49123751,159.1351351,31.32432432,79.81546259,131.6306306,0.117422793,43.06156778,4.859240317,0.298963688,60.55500464,-,-,-,-,-,0.104198623,0.03350066,0.03887093,16.46268031,14.18821798,0.202078698,-6.812746186,13.79010104,0.409783587,157.5526316,76.93982449,0.930153509,0.697437673,0.460774758,27.52070932,171.5,31.65789474,86.42471037,141.3210526,0.096591452,54.54920052,4.915661606,0.299869455,67.28935109,-,-,-,-,-,0.113404115,0.040349504,0.047401868,16.64408162,13.56415283,0.190739449,-3.114897407,37.12240533,0.428570344,156.8461538,73.54240429,0.92991453,0.796153846,0.495675607,44.79704498,161.6666667,31.35897436,81.13885128,131.1623932,0.103265395,47.22027997,4.841537415,0.295368412,64.46028766,-,-,-,-,-,0.113969182,0.04032256,0.038893188,16.63970928,13.34155786,0.178389358,-8.355824465,22.68544149,0.398958926,167.7837838,74.16155696,0.876801802,0.808463727,0.45146426,25.26519045,175.2432432,32.48648649,80.20553461,135.8972973,0.115531945,44.55038801,4.951035991,0.289449204,58.35393944,-,-,-,-,-,0.091534737,0.048706592,0.03978869,16.9269611,15.43867031,34,14.70588235,2.941176471,2.941176471,79.41176471,0,0,99.27007299,1.388554397,1.292391388,3.161,16.93065608,39.10944182,151,12.59764865,-,-,-,0,0,0,0,0,0,0,0,2.044328704,1.811309524,8.954937899,7.430117758,0.814702014,7.350752828,7.41981141,0.949728947,40.9464988,47.92566748,0.907152622,53.24581206,53.26962262,0.956581217,55.02185769,55.06037418,0.926819713,58.34116543,59.83476379,0.862795939,29.01747987,7.486326261,0.817505984,107.4111173,7.463931397,0.952428977,92.45454634,92.25925335,0.88237123,82.09148148,92.57247566,0.892655376,45.85327818,47.20962088,0.919355993,53.13446791,53.15502858,0.956207375,50.38040861,52.15030749,0.883122402,47.0924392,47.11423197,0.962973967,55.02185769,55.06037418,0.926819713,58.34116543,59.83476379,0.862795939,44.36305442,44.45548603,0.903041728,39.75185477,39.66026563,0.91805919,0,0.33632287,53.25112108,0.67264574,0.560538117,36.77130045,8.408071749
A111_4 1 month post-tx,48,Vehicle,Undefined,,Trial0030,,3,3.795945227,14.74294108,28.66666667,0.202992495,-3.767220246,40.29577904,0.372758913,129.0645161,65.97292184,0.907123656,0.781578947,0.453934635,33.07310424,132.6129032,31.48387097,73.33595775,112.0817204,0.09491109,45.78250197,4.322863719,0.301812755,67.34404968,-,-,-,-,-,0.105594975,0.060633312,0.042090454,14.51210228,17.69114836,0.237797515,-5.854511727,27.56870823,0.326326401,131.1612903,69.35346133,0.822580645,0.593633277,0.363504881,51.16732676,143.9032258,31.48387097,76.81335979,119.7763441,0.078130743,59.43619297,4.505264486,0.319286143,74.52285434,-,-,-,-,-,0.139853837,0.03365606,0.068072983,14.65895649,20.20119262,0.18221472,-5.307998759,46.82106098,0.342999402,133.4848485,69.23069022,0.839267677,0.695454545,0.397751196,33.87762332,137.6969697,31.63636364,74.99603099,113.9659452,0.09855531,42.24202095,4.028944504,0.282672948,63.91114738,-,-,-,-,-,0.088583684,0.038619452,0.057258032,14.03469513,22.23285288,0.164486273,-8.964672825,10.46706344,0.322440789,148.6666667,72.68447021,0.788611111,0.675,0.354819079,22.32547909,156.7666667,31.36666667,76.86817863,121.5711111,0.153170125,31.37186131,4.480011372,0.314472005,50.60584838,-,-,-,-,-,0.065290037,0.067424677,0.033167243,14.35507424,18.87434363,28,3.571428571,10.71428571,3.571428571,78.57142857,0,3.571428571,95.72649573,1.488046401,1.520492784,3.463,15.03473493,56.6007752,125,12.6929049,-,-,-,0,0,0,0,0,0,0,0,1.604741379,2.08452381,11.69326854,10.49617973,0.899932348,7.255602129,6.238837834,0.852274578,48.55218794,47.96655172,0.874984227,47.371685,47.63521534,0.916573084,57.74427258,57.55083234,0.930814751,58.54926956,58.58732857,0.928862824,15.53942239,10.49617973,0.899932348,22.2089123,5.732828135,0.853322885,85.9177982,88.38117159,0.778488785,76.84413975,93.65316839,0.731396729,49.44300972,48.23403299,0.820268242,47.371685,47.63521534,0.916573084,49.86225195,50.35703667,0.880680289,52.4678366,51.98581789,0.850302545,58.05562789,57.54938395,0.911462105,59.24336475,59.19617545,0.910160956,43.18008769,41.77899715,0.723779397,41.41956454,40.04346675,0.75339321,0,3.640776699,42.47572816,2.427184466,1.82038835,38.34951456,11.28640777
A111_4 1 month post-tx,49,KO,Undefined,,Trial0031,,3,3.464142653,15.90932457,32.33333333,0.180944074,-5.024797448,42.88376982,0.385331003,123.03125,64.74258623,0.911979167,0.817105263,0.463655428,30.21125259,128.46875,31.09375,71.20491899,109.39375,0.094322981,45.90832464,4.278622811,0.27539603,63.75565817,-,-,-,-,-,0.091224713,0.041997837,0.050260451,16.45240462,22.89748106,0.11823695,-11.33279053,16.21392496,0.209651521,97.6875,56.49395708,0.670703125,0.5484375,0.230726768,31.67737644,103.78125,32.15625,59.00180647,79.52859848,0.147681658,34.7735706,4.263368349,0.268511155,44.65685308,-,-,-,-,-,0.071602688,0.01996655,0.005852239,17.29848976,22.98766076,0.175585767,-4.086265451,39.0957421,0.380131579,137.1764706,69.43983902,0.879166667,0.733513932,0.441266447,40.23827402,142.3823529,31.58823529,75.45040783,116.4460784,0.088183889,48.84530467,4.208491127,0.262888563,63.89946808,-,-,-,-,-,0.088237627,0.047983905,0.037678116,16.18778693,24.58127608,0.12100791,-11.45477041,23.78040211,0.340711722,136.1818182,65.88725357,0.841414141,0.663157895,0.376552033,34.84002678,144.6363636,32.27272727,71.98526343,112.4848485,0.124455509,39.43410424,4.287557311,0.247248333,50.63081635,-,-,-,-,-,0.094839726,0.005657165,0.020299244,17.61857054,20.55223134,27,7.407407407,18.51851852,22.22222222,48.14814815,0,3.703703704,92.30769231,1.348237122,1.372493927,3.188333333,15.80997977,68.76766809,131,14.01721154,-,-,-,0,0,0,0,0,0,0,0,2.383198925,2.304296875,21.13766524,5.416919437,0.293983105,11.86379889,0.209399176,0.423580867,45.73598131,45.75498737,0.938057857,53.93099406,53.6903386,0.867097555,33.47123808,46.5097933,0.283698777,50.78814351,56.0706933,0.595266127,38.81816385,5.035981174,0.35201103,51.37893574,99.57984186,0.483835613,70.85137455,91.78366632,0.372498262,52.66906084,0.122958863,0.359117139,45.73598131,45.75498737,0.938057857,54.74604108,53.65008218,0.818991962,55.8229207,55.74210702,0.828622176,44.58897027,45.34971293,0.749521688,46.07189252,47.93297881,0.246690354,56.11713838,56.46182785,0.541022415,53.25719719,48.4502629,0.256502807,51.58804363,44.81654932,0.46650796,0,11.50971599,38.71449925,7.324364723,15.09715994,23.61733931,3.736920777
A111_4 1 month post-tx,52,KO,Undefined,,Trial0032,,3,3.116108109,18.00923997,27,0.152818225,-5.603031451,44.37584666,0.390888158,137.6333333,69.29395251,0.885416667,0.757894737,0.453967105,43.47100191,143.3333333,31.66666667,74.76816338,116.9088889,0.108383784,43.08589849,4.591370552,0.251538346,56.70526011,-,-,-,-,-,0.087393619,0.029246716,0.037818136,18.12181301,15.3201631,0.187773102,-8.19993341,25.41368051,0.279493421,122.2,65.2121343,0.755555556,0.625263158,0.314723684,51.94881755,131.6666667,31.46666667,71.80124722,108,0.075454782,62.75039332,4.49556687,0.252639521,69.35765761,-,-,-,-,-,0.072769279,0.078120852,0.040312088,17.63758481,17.21901753,0.172692457,-4.091986244,45.09599704,0.398897496,145,70.38740164,0.900268817,0.788455008,0.465136885,42.15731906,148.6774194,31.32258065,76.07432177,120.6172043,0.087393619,52.68495083,4.553358634,0.250041141,64.57068541,-,-,-,-,-,0.108383784,0.026630043,0.029590428,18.10151034,17.84425158,0.1853966,-8.190639245,25.69028309,0.317544202,116.625,64.64159083,0.750390625,0.668338816,0.355605469,63.6154476,140.5,32.1875,73.82932143,115.3458333,0.070604196,61.51710696,4.327510508,0.257961123,70.08623853,-,-,-,-,-,0.072403473,0.03959704,0.076337007,17.40733064,15.6485764,28,21.42857143,7.142857143,60.71428571,10.71428571,0,0,97.39130435,1.327512942,1.862142469,2.949666667,17.98214538,40.7179634,123,14.62885211,-,-,-,0,0,0,0,0,0,0,0,2.65625,2.529435484,87.0094784,87.16873977,0.699852372,88.11225048,88.90948711,0.618507507,45.63267147,45.85271775,0.884027162,53.1782779,53.20923502,0.946721455,34.00929404,34.2327666,0.633295689,42.40650742,42.65992676,0.775993148,88.24438239,88.60827411,0.738118971,88.46681545,89.21388016,0.656053716,110.6580779,10.59662512,0.773428829,42.46973504,10.25026532,0.611663927,45.39166144,45.59599348,0.882962691,53.22035925,53.25489522,0.944925573,52.48325638,52.71097418,0.876749899,46.47056341,46.50529298,0.946157526,34.00929404,34.2327666,0.633295689,42.40650742,42.65992676,0.775993148,65.67139148,65.74007929,0.614230127,56.89606751,58.14913311,0.754645689,0,0.147928994,41.12426036,0,3.550295858,39.64497041,15.53254438
A111_4 1 month post-tx,54,Vehicle,Undefined,,Trial0033,,3,3.73339336,14.48297385,23.66666667,0.179379987,-4.912221375,45.47009382,0.403241627,150.3939394,73.78131788,0.892929293,0.744976077,0.451130383,43.32961204,153.6060606,31.21212121,80.27595893,127.4060606,0.091837053,45.5308463,4.114071686,0.269523081,64.84501245,-,-,-,-,-,0.097247163,0.040251286,0.039607514,15.17881605,20.26238051,0.210877034,-7.684469694,24.17390653,0.356706414,159.90625,73.43419155,0.8765625,0.692763158,0.406878084,25.8684866,166.53125,31.34375,81.30965307,135.1916667,0.072974265,61.51689831,4.286476562,0.286045732,73.35023802,-,-,-,-,-,0.094659665,0.06505812,0.054386418,14.77180772,22.28606841,0.169984253,-4.420936942,42.74977732,0.367832707,139.8857143,68.52950649,0.914761905,0.732857143,0.444045113,40.41060089,141.8857143,31.6,74.32536718,115.8990476,0.094208189,44.51910314,4.094077211,0.262035563,63.85902953,-,-,-,-,-,0.088874567,0.038641563,0.041539475,15.06475406,23.59407035,0.188417304,-9.758339807,27.39881955,0.238747944,118.34375,66.31397525,0.695052083,0.583963816,0.269259868,57.90370251,132.53125,32.28125,73.24251998,105.1833333,0.095348044,47.08376743,4.278212832,0.286389948,65.57133548,-,-,-,-,-,0.072285885,0.053353709,0.064369741,14.87887328,21.8159507,28,0,10.71428571,35.71428571,53.57142857,0,0,94.11764706,1.465962147,1.576480263,3.377,14.89758832,82.1517145,132,13.66999225,-,-,-,0,0,0,0,0.394099247,0,0,0,2.479166667,2.506034483,17.55337735,4.437690133,0.497959211,15.24939978,94.08778514,0.475993487,46.17116404,46.42234585,0.879112561,49.27161943,49.09261616,0.920524643,46.01939388,49.25276146,0.486432257,47.53998677,51.93502522,0.534487271,39.73226157,4.419390655,0.495403107,55.21638219,93.68793864,0.510219243,64.01196789,92.94883724,0.458730906,60.77298543,2.549405387,0.490420349,45.50405793,45.85234497,0.897499757,49.27161943,49.09261616,0.920524643,54.30276046,53.61288627,0.88982402,50.42740074,51.02164028,0.889547318,46.01939388,49.25276146,0.486432257,47.53998677,51.93502522,0.534487271,52.92172652,48.36004665,0.463359516,50.883218,46.47323051,0.410995486,0,1.408450704,32.01024328,0.640204866,5.889884763,48.52752881,11.52368758
A111_4 1 month post-tx,55,EXC,Undefined,,Trial0034,,3,3.111914467,17.4455708,13.66666667,0.164736591,-3.483610267,42.00973444,0.425366379,143.7931034,70.75432836,0.935488506,0.78892922,0.485934664,54.83462035,149.2413793,31.44827586,77.26931774,122.3126437,0.095400128,49.0814853,4.661647156,0.261380835,63.11206492,-,-,-,-,-,0.10218463,0.029719646,0.032960996,17.30673296,11.19490123,0.168075832,-9.418201275,33.52557484,0.23508489,108.3548387,63.13857399,0.747177419,0.579881154,0.276646859,74.08436831,128.2903226,31.87096774,70.80223638,103.5290323,0.096411698,50.78553152,4.651152309,0.260269043,63.19868393,-,-,-,-,-,0.07747124,0.044983138,0.04217725,17.26803723,13.04069323,0.158644831,-5.3388156,40.10790917,0.410749151,140.0645161,72.14369004,0.925403226,0.740322581,0.468870968,47.85341007,142.3225806,31.5483871,78.10788847,119.6666667,0.10218463,46.12397159,4.651365386,0.262764488,60.86198648,-,-,-,-,-,0.095400128,0.033953295,0.029698242,17.3005077,11.9188108,0.186061454,-7.704003853,24.96603363,0.276090226,115.7142857,63.50152655,0.75639881,0.570958647,0.308804041,70.24240855,131.3571429,31.67857143,69.80613398,105.602381,0.077870587,64.16233831,4.732790447,0.259764737,69.99388268,-,-,-,-,-,0.096055138,0.040536587,0.049469729,17.49559776,13.90025072,26,15.38461538,0,0,84.61538462,0,0,98.11320755,1.444883971,1.545433055,2.934333333,17.29225866,38.398885,119,14.42359479,-,-,-,0,0,0,0,0,0,0,0,1.663362069,1.810185185,5.729316958,5.872995435,0.934758088,8.154721205,8.162706487,0.980773152,52.66047227,52.66262297,0.982115807,49.96281543,49.94615694,0.978722762,58.55431818,58.57139831,0.969833166,55.66438298,55.7348333,0.947330419,105.7651988,5.895860231,0.936590431,108.1547212,8.162706487,0.980773152,94.38955459,94.2784833,0.935282333,91.89861564,91.8941028,0.978654222,52.69792564,52.70084888,0.981472792,49.96281543,49.94615694,0.978722762,47.53008414,47.56206731,0.97600603,50.33510344,50.34466602,0.977104624,58.55431818,58.57139831,0.969833166,55.66438298,55.7348333,0.947330419,41.54714853,41.50546851,0.965747332,44.53737035,44.52476111,0.947025055,0,0,52.08655332,0.154559505,0.618238022,38.02163833,9.119010819
A111_4 1 month post-tx,57,WT,Undefined,,Trial0035,,3,4.432860073,11.91802749,19.66666667,0.188157837,-2.971217543,39.22429639,0.430377024,145.3589744,72.8732312,0.920833333,0.797975709,0.481609312,46.25152691,148.4358974,31.35897436,79.18202003,125.5555556,0.09817561,36.35020315,3.543222097,0.286205646,65.50896705,-,-,-,-,-,0.089569868,0.04392891,0.053057897,12.09017896,20.75320443,0.250221745,-6.65592774,28.09963092,0.307792969,151.03125,74.9190132,0.88984375,0.677220395,0.378410773,32.2227884,161.28125,31.78125,83.34015502,132.625,0.097430602,45.88681852,4.354342865,0.349438092,70.72660234,-,-,-,-,-,0.112232915,0.063690013,0.080903085,12.52070998,20.0162413,0.200218787,-3.742200137,40.7687373,0.42902027,157.4864865,76.38741561,0.936148649,0.775817923,0.485878378,41.95518534,160.7567568,31.35135135,82.99403525,132.760961,0.092204276,41.03784393,3.64253102,0.286890986,67.03366117,-,-,-,-,-,0.100980628,0.054769372,0.045069556,12.25913399,22.4504006,0.233061142,-5.554646923,12.77768084,0.402317023,177.46875,73.21911933,0.900911458,0.794901316,0.460509868,18.85025455,183.40625,31.625,79.02458172,139.4791667,0.113265793,45.37821557,4.320632552,0.350468796,67.20653821,-,-,-,-,-,0.096397724,0.075739162,0.064378812,12.41067062,19.08694234,28,0,0,3.571428571,85.71428571,10.71428571,0,89.6,1.275469968,1.203161259,4.113333333,12.02678499,57.00308882,140,11.8387536,-,-,-,0,0,0,0,0,0,0,0,1.517857143,1.817241379,12.54685587,13.74453201,0.672683993,18.21890794,16.74304566,0.876921283,50.45061461,50.66256008,0.853798865,51.87794519,51.9155509,0.87025557,51.4095107,64.04292058,0.829530673,60.41094299,62.79377642,0.726226663,26.33548134,12.76068257,0.637549174,18.21890794,16.74304566,0.876921283,69.60002319,85.28393707,0.545919434,76.42332935,82.98339825,0.65237407,50.41783452,50.64107313,0.843842902,51.93317887,51.98040216,0.866659524,49.89774294,49.58744256,0.896501333,47.84922318,48.28268226,0.858622767,63.14291618,65.1164756,0.807803633,62.47793214,64.57051944,0.655155501,38.3954738,34.36001805,0.610983524,38.19174554,32.73361836,0.57176563,0,4.04040404,25.35353535,1.01010101,7.070707071,55.15151515,7.373737374
A111_4 1 month post-tx,58,KO,Undefined,,Trial0036,,4,3.46200753,15.85769939,31.25,0.180813017,-4.422783534,41.47742494,0.45099647,142.9756098,72.11510131,0.972662602,0.797175866,0.519124679,41.40599904,147.2195122,31.26829268,79.37301538,125.4325203,0.103727657,45.15849573,4.470167769,0.287073951,62.81398611,-,-,-,-,-,0.093713103,0.048567573,0.039684808,15.96746511,22.05959719,0.194810587,-8.945675707,20.28323593,0.345382401,155.925,73.90250839,0.8446875,0.671447368,0.390930099,32.96318323,165.675,31.9,81.4352868,130.4733333,0.089652742,53.48640536,4.504148057,0.285848293,66.82397867,-,-,-,-,-,0.095452314,0.04887314,0.05126019,15.87866027,21.09678633,0.184335924,-4.090167981,34.81609194,0.486393327,149.8809524,74.40983197,0.976488095,0.818796992,0.530610902,46.80991393,155.547619,31.47619048,80.90198393,131.6857143,0.091246969,47.90277221,4.358297859,0.278150285,66.38101063,-,-,-,-,-,0.100997982,0.039435496,0.046240884,15.72773726,19.59577935,0.184794854,-9.060321437,21.33639951,0.357215695,145.9285714,71.86047289,0.834821429,0.762969925,0.414734492,28.7263732,155.9761905,31.69047619,77.55481181,126.2396825,0.097563637,51.09755175,4.492900579,0.284981422,64.01115247,-,-,-,-,-,0.087424124,0.051058882,0.051863207,16.14222724,19.78886893,35,8.571428571,0,11.42857143,71.42857143,0,8.571428571,95.23809524,1.28729521,1.438569845,3.19225,15.78018949,53.35524472,165,13.56552333,-,-,-,0,0,0,0,0.390585224,0,0,0,2.057995495,1.518376068,15.58703165,11.58148108,0.703373366,20.38255255,15.76050296,0.64706661,45.9087941,50.97842401,0.810711899,52.09515677,52.46532923,0.913733615,42.54867148,61.39382166,0.545480608,46.63839884,65.04612359,0.666093087,28.32921833,10.90168303,0.640722511,26.39626107,15.78614743,0.644207982,72.58719533,90.1425236,0.624585003,72.87146691,83.47580381,0.567562619,51.40378157,51.05096662,0.797429523,52.10173258,52.48351659,0.911422762,48.5526881,48.86334543,0.80385744,48.02216698,47.45484997,0.885269841,53.96782017,61.1324351,0.545905462,62.85351865,65.14506235,0.672035704,46.33656434,39.27080364,0.528944725,37.77609365,36.11171987,0.631329597,0,0.421496312,33.71970495,0.52687039,10.01053741,42.67650158,12.64488936
A111_4 1 month post-tx,59,KO,Undefined,,Trial0037,,3,4.446837266,12.37162886,17.66666667,0.176283225,-4.436341538,42.87301443,0.418375506,154.6923077,75.22448933,0.928098291,0.757894737,0.476834514,51.26847987,158.5384615,31.53846154,81.08603412,131.3470085,0.100767822,36.13667482,3.551873992,0.273702897,63.6974125,-,-,-,-,-,0.086508421,0.038825687,0.048813625,12.40980132,17.33537983,0.246054644,-5.656104852,22.29839772,0.344596012,127.96875,63.38921561,0.845572917,0.754934211,0.420246711,40.61561881,138.59375,32.0625,71.71675085,114.6291667,0.085455031,57.84975543,4.350405713,0.331811995,71.98567781,-,-,-,-,-,0.118580896,0.053635624,0.070276966,12.38029776,15.76137342,0.188800467,-3.291348602,44.31598218,0.463688539,163.9210526,74.79233053,0.95252193,0.809626039,0.514017486,55.18708472,170.4473684,31.39473684,82.17391112,139.0245614,0.086508421,41.04438389,3.491146764,0.269513309,68.24155622,-,-,-,-,-,0.100767822,0.044965921,0.038027461,12.35395754,15.86549018,0.199567953,-7.833809512,24.47055352,0.337648026,138.1176471,65.70279637,0.83125,0.764860681,0.405296053,36.83137094,145.8823529,32.44117647,74.20220299,117.7666667,0.124736984,38.18237122,4.356905102,0.332517528,60.95264417,-,-,-,-,-,0.078940933,0.069605251,0.053967004,12.50670611,18.80639038,28,14.28571429,7.142857143,17.85714286,53.57142857,7.142857143,0,85.49618321,1.381109483,1.656156774,4.007333333,12.43998688,48.99271597,143,12.56436142,-,-,-,0,0,0,0,0.332500851,0,0,0,2.115555556,2.221805556,14.35925013,4.598540425,0.487443921,17.01851179,6.402526975,0.374228998,45.39740303,46.62238557,0.847551193,53.73030925,53.74503576,0.938624686,41.2211282,52.939297,0.442098677,46.2353236,59.31846939,0.566196816,41.82619587,4.649162844,0.480184557,47.94714463,6.554462546,0.383397473,64.83457664,95.15501422,0.458378069,62.24617352,96.93591378,0.42376737,48.73073637,46.62238557,0.847551193,53.52330066,53.53270448,0.93985292,55.97332037,54.54035991,0.765841442,46.61360705,46.51038845,0.925637941,52.07271884,52.69770096,0.437035243,56.74247407,59.15488478,0.557036101,48.0174342,49.83936561,0.42311444,44.31840919,41.03248022,0.450610976,0,1.872246696,36.12334802,0.440528634,6.387665198,41.40969163,13.76651982
A111_4 1 month post-tx,60,Vehicle,Undefined,,Trial0038,,3,3.434366402,16.35612365,13.66666667,0.190548153,-3.729158968,40.70227194,0.453631579,153.1,73.82260894,0.937361111,0.833684211,0.505134868,51.07155285,157.4,31.56666667,80.94821304,132.8444444,0.104966942,46.59660493,4.778217458,0.29739963,64.4484767,-,-,-,-,-,0.111754399,0.040446124,0.034821742,16.23965295,16.40201472,0.180216297,-10.29652495,30.61506693,0.257684211,120.7,64.90343349,0.741388889,0.592105263,0.306,63.43712187,143.0333333,32.63333333,74.50407323,113.1977778,0.095302898,50.34892193,4.429216159,0.277374785,65.40559066,-,-,-,-,-,0.091596903,0.034673344,0.058246499,16.17075742,13.32307675,0.184149081,-3.965320636,41.95537206,0.449006109,149.8214286,71.97130267,0.966369048,0.822180451,0.523780545,47.34954069,154.9642857,31.14285714,79.98819092,129.3261905,0.111754399,44.61410407,4.832091764,0.296767354,62.14102041,-,-,-,-,-,0.104966942,0.040010966,0.03967249,16.4294702,16.78470136,0.176492949,-8.894565866,25.77341444,0.162059211,76.56666667,48.75888211,0.583194444,0.525789474,0.196115132,70.12822238,99.4,32.3,56.901051,74.29401709,0.108730472,49.67909768,4.610804966,0.274835238,59.57933076,-,-,-,-,-,0.084706855,0.048902062,0.037340524,16.62746721,16.33781426,25,16,8,56,16,0,4,96.15384615,1.359865328,1.332039474,3.237333333,16.37976253,39.80466139,118,12.89727394,-,-,-,0,0,0,0,0,0,0,0,3.160632184,3.688782051,18.88174506,83.2559954,0.56186766,4.93319583,88.44043979,0.566797831,54.38071349,54.59202791,0.814769527,49.05658008,48.92405508,0.908830851,38.80104423,39.20216793,0.702253145,32.68552429,33.26951279,0.50314335,67.35715953,83.9208454,0.58437132,57.45880522,87.88393014,0.607340273,39.62765889,16.4750992,0.54431438,40.53904725,14.08377815,0.600198681,53.77304967,53.90849016,0.812354437,48.29157055,48.28466638,0.931815194,45.8986589,45.69352929,0.807602726,51.70565471,52.02964978,0.909738592,40.89843997,38.95595649,0.638146662,37.05733838,33.23696277,0.504243471,60.44199459,62.40237457,0.671569328,65.10124879,70.49927759,0.537018168,0,5.021520803,33.85939742,1.147776184,13.62984218,37.15925395,9.182209469
A111_4 1 month post-tx,61,Vehicle,Undefined,,Trial0039,,3,3.488611244,15.45358835,21.33333333,0.170250634,-5.193977831,42.58038041,0.362855475,141.6451613,70.76047148,0.891129032,0.742614601,0.426497241,35.79261324,146.0645161,31.51612903,77.26085144,119.0924731,0.118187671,39.2184454,4.566624956,0.285618257,58.33663635,-,-,-,-,-,0.107730121,0.030344337,0.034055233,15.86399716,15.6885929,0.216203267,-6.565652733,26.42160785,0.337203947,124.3666667,63.86247438,0.875972222,0.665526316,0.401792763,39.20967418,139.2,31.46666667,71.6242209,114.6955556,0.07666037,60.78244293,4.512639106,0.290975779,72.54849512,-,-,-,-,-,0.105165492,0.055876909,0.053298187,15.23735735,16.40781237,0.175406434,-3.399967371,43.98209186,0.401332767,148.1290323,72.35897191,0.920833333,0.770118846,0.470169779,44.83164641,152.483871,31.48387097,79.9765603,126.1032258,0.103882617,42.82746648,4.414967784,0.278802565,62.702557,-,-,-,-,-,0.114112234,0.031709657,0.028598873,15.4437833,18.49519166,0.183592009,-8.675105769,32.31790253,0.211717105,107.8666667,61.22877413,0.739027778,0.570789474,0.255,61.6426509,121.3333333,32.16666667,67.84060805,98.34444444,0.107016184,45.34820467,4.524530668,0.28805517,61.49912513,-,-,-,-,-,0.075181076,0.051441201,0.061053667,15.37487745,18.52960204,28,3.571428571,17.85714286,39.28571429,39.28571429,0,0,99.11504425,1.356503318,1.625473684,3.245333333,15.82425634,48.29399001,122,13.39030561,-,-,-,0,0,0,0,1.230489668,0,0,0,2.078591954,1.894791667,15.24492296,0.297617413,0.495245225,9.684912063,98.15335369,0.608609459,44.55019476,44.5217994,0.936952416,53.22328346,53.28011962,0.959103241,41.46062126,44.1099304,0.591952701,51.13415563,54.66932299,0.605972285,42.08791996,0.190972067,0.492101585,58.00371632,97.27840534,0.606735608,65.28012219,99.14072562,0.467538865,104.750728,2.783314068,0.652051575,44.55019476,44.5217994,0.936952416,53.28292717,53.34447135,0.957799402,55.60331777,55.58983857,0.946266713,46.11566264,46.34355958,0.946885298,41.46062126,44.1099304,0.591952701,51.13415563,54.66932299,0.605972285,58.4157324,55.70931089,0.566234949,48.72235495,45.17304314,0.577099477,0,0.827586207,37.79310345,0,10.06896552,43.03448276,8.275862069
A111_4 1 month post-tx,63,KO,Undefined,,Trial0040,,3,4.152901479,13.0942319,20.33333333,0.201278184,-2.851212458,39.80249786,0.423715327,144.1081081,72.26208124,0.930405405,0.745092461,0.466562945,63.30853982,153.8378378,31.62162162,79.13621241,126.2288288,0.092488416,45.31217219,3.780765689,0.295671282,68.47042981,-,-,-,-,-,0.105274227,0.052638107,0.045982519,12.99458653,14.79829188,0.206591018,-7.200725056,22.95904348,0.384876645,163.0833333,71.44165941,0.873611111,0.748026316,0.438840461,27.84639325,168.6666667,31.66666667,77.74656824,128.3092593,0.092872031,45.57399382,3.908925245,0.302211062,68.72503694,-,-,-,-,-,0.088880128,0.052168969,0.068592325,13.07189259,17.50928716,0.190231153,-3.385730996,44.28663456,0.374251645,138.9444444,71.02904966,0.861805556,0.718421053,0.416751645,54.14281644,143.3333333,31.77777778,76.5497966,116.6462963,0.105274227,36.92048308,3.743733684,0.297068532,63.91478602,-,-,-,-,-,0.092488416,0.046098196,0.051677129,12.88699359,17.15742255,0.21110989,-8.237259534,31.08396376,0.277253289,124.7647059,69.07154718,0.79375,0.572600619,0.321069079,59.07219499,139.8529412,31.88235294,77.62637991,116.8411765,0.089524162,45.33819826,3.922980521,0.30238647,69.31057766,-,-,-,-,-,0.092872031,0.066552737,0.054452384,13.19564793,15.92032007,32,3.125,12.5,28.125,56.25,0,0,97.70992366,1.447412591,1.864005928,3.886333333,12.94765167,41.84958527,143,12.75718675,-,-,-,0,0,0,0,0,0,0,0,1.885416667,1.914646465,-0.86563392,1.188405822,0.779079638,-0.069257156,1.046127762,0.753386697,51.23581036,51.21759879,0.95582592,47.98058353,48.40185808,0.910628774,51.44335631,52.0519259,0.855943581,48.84687517,50.2503481,0.741841318,100.2034707,0.783291011,0.860281568,99.51721875,0.523524665,0.746287993,100.0744479,99.2492447,0.82632662,58.45905215,98.76579651,0.74164693,52.14306843,51.81414062,0.920451963,47.77276153,48.19340222,0.910443399,48.40199502,48.71362579,0.911038266,51.87124147,51.53507672,0.873742364,52.46379395,52.63599301,0.816960477,48.84687517,50.2503481,0.741841318,47.86839619,47.45092243,0.810677062,51.35040465,50.22935226,0.708063015,0,0.547645126,42.82584885,0,2.628696605,35.04928806,18.94852136
A111_4 1 month post-tx,64,KO,Undefined,,Trial0041,"Run003: frame311 RF,RH hard to distinguish. ",4,3.386780469,17.00044484,42.5,0.163705735,-4.354751574,41.94679298,0.443809809,138.1136364,68.72750264,0.907954545,0.820334928,0.480183911,53.33256009,143.4772727,31.40909091,74.07536332,118.5272727,0.094912379,47.29807839,4.220125531,0.257505777,61.87287353,-,-,-,-,-,0.081772803,0.022876163,0.046791717,16.87289864,32.2318899,0.216282714,-9.152329766,37.29672289,0.335316612,128.325,69.29302824,0.943854167,0.646578947,0.413578125,66.9473262,148.05,31.7,78.49957367,124.3966667,0.062728326,77.50328205,4.619798175,0.268363287,74.83257944,-,-,-,-,-,0.097484371,0.03644671,0.06858044,17.74494921,26.39897402,0.187505687,-4.188528678,45.97111536,0.444572368,162.7435897,74.57776142,0.948076923,0.821659919,0.508709514,61.18548229,169.6410256,31.43589744,81.75717559,134.7675214,0.088781901,54.71267014,4.575351051,0.266611081,64.98626048,-,-,-,-,-,0.102607978,0.061547918,0.025652701,18.08502538,31.02388251,0.171260432,-10.48202444,23.90631889,0.351104323,134.0714286,66.38529939,0.892162698,0.734210526,0.411618891,40.54373097,144.5,31.85714286,72.15081696,116.0698413,0.10280546,47.06083894,4.523807477,0.272374736,60.0451794,-,-,-,-,-,0.05563152,0.068309756,0.050200819,17.71900483,26.63194885,35,31.42857143,5.714285714,37.14285714,25.71428571,0,0,93.95973154,1.384263726,1.843992421,3.20925,16.72288058,64.73461992,165,13.64575165,-,-,-,0,0,0,0,0,0,0,0,1.712713675,2.101388889,7.753489105,95.24013947,0.665443076,4.347833354,0.137128904,0.713753951,47.24055127,49.96953361,0.781280429,53.5444855,53.36299555,0.897785801,44.98870781,46.2294934,0.721498702,39.01895411,49.10939824,0.674837429,73.80252649,95.29894567,0.686748159,57.70961243,0.435048497,0.740133337,44.70432087,4.193937594,0.640974175,61.94929372,99.69610361,0.754338418,49.75376834,50.02058421,0.78825209,54.25458015,53.84272046,0.868062516,48.9817309,49.68123349,0.833731935,45.60558172,46.57664493,0.844305761,47.84585067,46.2294934,0.721498702,48.86807558,49.5158403,0.607028407,51.25111118,53.20260702,0.708699957,50.30894384,50.69001689,0.664160363,0,2.888888889,42,1.222222222,1.888888889,39.55555556,12.44444444
A111_4 1 month post-tx,65,WT,Undefined,,Trial0042,,3,2.889700572,18.76401859,30.33333333,0.147953775,-4.817431623,41.25180518,0.400294878,143.7857143,68.39267817,0.814583333,0.814567669,0.440198543,44.28877928,147.7857143,31.32142857,74.31645714,118.3452381,0.109595997,44.99604698,4.868544463,0.260048265,56.68788002,-,-,-,-,-,0.100335211,0.022389135,0.017365009,18.89447534,16.46583469,0.155118653,-9.354470098,39.08601429,0.343048599,173.516129,70.83274256,0.907123656,0.806791171,0.461727504,47.67473304,179.4193548,31.87096774,77.75345195,140.9763441,0.077033462,63.46730507,4.579872469,0.234794696,67.19535113,-,-,-,-,-,0.058287071,0.044027801,0.052543776,19.29417166,17.0501859,0.158120336,-3.608877335,33.59603729,0.434564428,144.5517241,67.84095375,0.915948276,0.869782214,0.498950771,40.79507133,149.8275862,31.51724138,74.0109137,121.6045977,0.100335211,49.80653649,4.934101145,0.258566428,60.59574353,-,-,-,-,-,0.109595997,0.02524599,0.02328548,19.2074542,17.94447001,0.174789258,-8.184912562,24.76742719,0.45625794,186.862069,75.35486884,0.981896552,0.78892922,0.526892015,30.56900475,191.4482759,31.37931034,86.17701397,155.0252874,0.058287071,80.01558352,4.587479928,0.23241607,74.53118421,-,-,-,-,-,0.077033462,0.053087368,0.045885731,19.36690915,17.10869893,25,8,8,80,0,0,4,96.15384615,1.16884412,2.161059211,2.702666667,18.54998523,44.78682776,117,15.09226382,-,-,-,0,0,0,0,0,0,0,0,2.463988095,2.65625,28.5389379,75.58490304,0.692497989,1.387724658,82.39617516,0.715760295,56.31544636,56.25453406,0.949463242,52.56280018,52.55437482,0.972716222,30.51321618,31.10721839,0.682663324,28.65380042,28.30557478,0.743111553,72.95019942,76.40361886,0.705204206,74.08568232,82.43014911,0.738486613,34.90582938,23.93773496,0.735060349,22.75747548,18.92484094,0.799341645,56.05676544,55.9806154,0.947175576,52.21128758,52.21410556,0.97807048,44.58289653,44.67265064,0.934280017,48.44101735,48.44881593,0.975296279,34.44700929,31.19321794,0.680734442,32.82046709,28.30557478,0.743111553,67.19164995,69.83787748,0.723972191,73.69915635,73.76269528,0.801125225,0,0.51457976,37.73584906,0,8.576329331,48.54202401,4.631217839
