Experiment,Group,Animal,Trial_Description,NumberOfRunsUsedForCalculatingTrialStatistics,,Number of Trials,Run_Duration_(s)_Mean,Run_Average_Speed_(cm/s)_Mean,Run_Maximum_Variation_(%)_Mean,RF_Stand_(s)_Mean,RF_StandIndex_Mean,RF_MaxContactAt_(%)_Mean,RF_MaxContactArea_(cm²)_Mean,RF_MaxContactMaxIntensity_Mean,RF_MaxContactMeanIntensity_Mean,RF_PrintLength_(cm)_Mean,RF_PrintWidth_(cm)_Mean,RF_PrintArea_(cm²)_Mean,RF_MaxIntensityAt_(%)_Mean,RF_MaxIntensity_Mean,RF_MinIntensity_Mean,RF_MeanIntensity_Mean,RF_MeanIntensityOfThe15MostIntensePixels_Mean,RF_Swing_(s)_Mean,RF_SwingSpeed_(cm/s)_Mean,RF_StrideLength_(cm)_Mean,RF_StepCycle_(s)_Mean,RF_DutyCycle_(%)_Mean,RF_ToeSpread_(cm)_Mean,RF_IntermediateToeSpread_(cm)_Mean,RF_ManualPrintLength_(cm)_Mean,RF_PawAngleBodyAxis_(°)_Mean,RF_PawAngleMovementVector_(°)_Mean,RF_SingleStance_(s)_Mean,RF_InitialDualStance_(s)_Mean,RF_TerminalDualStance_(s)_Mean,RF_BodySpeed_(cm/s)_Mean,RF_BodySpeedVariation_(%)_Mean,RH_Stand_(s)_Mean,RH_StandIndex_Mean,RH_MaxContactAt_(%)_Mean,RH_MaxContactArea_(cm²)_Mean,RH_MaxContactMaxIntensity_Mean,RH_MaxContactMeanIntensity_Mean,RH_PrintLength_(cm)_Mean,RH_PrintWidth_(cm)_Mean,RH_PrintArea_(cm²)_Mean,RH_MaxIntensityAt_(%)_Mean,RH_MaxIntensity_Mean,RH_MinIntensity_Mean,RH_MeanIntensity_Mean,RH_MeanIntensityOfThe15MostIntensePixels_Mean,RH_Swing_(s)_Mean,RH_SwingSpeed_(cm/s)_Mean,RH_StrideLength_(cm)_Mean,RH_StepCycle_(s)_Mean,RH_DutyCycle_(%)_Mean,RH_ToeSpread_(cm)_Mean,RH_IntermediateToeSpread_(cm)_Mean,RH_ManualPrintLength_(cm)_Mean,RH_PawAngleBodyAxis_(°)_Mean,RH_PawAngleMovementVector_(°)_Mean,RH_SingleStance_(s)_Mean,RH_InitialDualStance_(s)_Mean,RH_TerminalDualStance_(s)_Mean,RH_BodySpeed_(cm/s)_Mean,RH_BodySpeedVariation_(%)_Mean,LF_Stand_(s)_Mean,LF_StandIndex_Mean,LF_MaxContactAt_(%)_Mean,LF_MaxContactArea_(cm²)_Mean,LF_MaxContactMaxIntensity_Mean,LF_MaxContactMeanIntensity_Mean,LF_PrintLength_(cm)_Mean,LF_PrintWidth_(cm)_Mean,LF_PrintArea_(cm²)_Mean,LF_MaxIntensityAt_(%)_Mean,LF_MaxIntensity_Mean,LF_MinIntensity_Mean,LF_MeanIntensity_Mean,LF_MeanIntensityOfThe15MostIntensePixels_Mean,LF_Swing_(s)_Mean,LF_SwingSpeed_(cm/s)_Mean,LF_StrideLength_(cm)_Mean,LF_StepCycle_(s)_Mean,LF_DutyCycle_(%)_Mean,LF_ToeSpread_(cm)_Mean,LF_IntermediateToeSpread_(cm)_Mean,LF_ManualPrintLength_(cm)_Mean,LF_PawAngleBodyAxis_(°)_Mean,LF_PawAngleMovementVector_(°)_Mean,LF_SingleStance_(s)_Mean,LF_InitialDualStance_(s)_Mean,LF_TerminalDualStance_(s)_Mean,LF_BodySpeed_(cm/s)_Mean,LF_BodySpeedVariation_(%)_Mean,LH_Stand_(s)_Mean,LH_StandIndex_Mean,LH_MaxContactAt_(%)_Mean,LH_MaxContactArea_(cm²)_Mean,LH_MaxContactMaxIntensity_Mean,LH_MaxContactMeanIntensity_Mean,LH_PrintLength_(cm)_Mean,LH_PrintWidth_(cm)_Mean,LH_PrintArea_(cm²)_Mean,LH_MaxIntensityAt_(%)_Mean,LH_MaxIntensity_Mean,LH_MinIntensity_Mean,LH_MeanIntensity_Mean,LH_MeanIntensityOfThe15MostIntensePixels_Mean,LH_Swing_(s)_Mean,LH_SwingSpeed_(cm/s)_Mean,LH_StrideLength_(cm)_Mean,LH_StepCycle_(s)_Mean,LH_DutyCycle_(%)_Mean,LH_ToeSpread_(cm)_Mean,LH_IntermediateToeSpread_(cm)_Mean,LH_ManualPrintLength_(cm)_Mean,LH_PawAngleBodyAxis_(°)_Mean,LH_PawAngleMovementVector_(°)_Mean,LH_SingleStance_(s)_Mean,LH_InitialDualStance_(s)_Mean,LH_TerminalDualStance_(s)_Mean,LH_BodySpeed_(cm/s)_Mean,LH_BodySpeedVariation_(%)_Mean,StepSequence_NumberOfPatterns,StepSequence_CA_(%),StepSequence_CB_(%),StepSequence_AA_(%),StepSequence_AB_(%),StepSequence_RA_(%),StepSequence_RB_(%),StepSequence_RegularityIndex_(%),BOS_FrontPaws_Mean_(cm),BOS_HindPaws_Mean_(cm),OtherStatistics_Duration_Mean,OtherStatistics_Average_Speed_Mean,OtherStatistics_Maximum_Variation_(%)_Mean,OtherStatistics_NumberOfSteps,OtherStatistics_Cadence,OtherStatistics_Sciatic_Functional_Index_Mean,OtherStatistics_Peroneal_Functional_Index_Mean,OtherStatistics_Posterior_Tibial_Functional_Index_Mean,OtherStatistics_RM_(%),OtherStatistics_RK_(%),OtherStatistics_LM_(%),OtherStatistics_LK_(%),OtherStatistics_NO_(%),OtherStatistics_AB_(%),OtherStatistics_TA_(%),OtherStatistics_GT_(%),PrintPositions_RightPaws_Mean_(cm),PrintPositions_LeftPaws_Mean_(cm),PhaseDispersions_RF->LH_Mean,PhaseDispersions_RF->LH_CStat_Mean,PhaseDispersions_RF->LH_CStat_R,PhaseDispersions_LF->RH_Mean,PhaseDispersions_LF->RH_CStat_Mean,PhaseDispersions_LF->RH_CStat_R,PhaseDispersions_LH->RH_Mean,PhaseDispersions_LH->RH_CStat_Mean,PhaseDispersions_LH->RH_CStat_R,PhaseDispersions_LF->RF_Mean,PhaseDispersions_LF->RF_CStat_Mean,PhaseDispersions_LF->RF_CStat_R,PhaseDispersions_RF->RH_Mean,PhaseDispersions_RF->RH_CStat_Mean,PhaseDispersions_RF->RH_CStat_R,PhaseDispersions_LF->LH_Mean,PhaseDispersions_LF->LH_CStat_Mean,PhaseDispersions_LF->LH_CStat_R,Couplings_RF->LH_Mean,Couplings_RF->LH_CStat_Mean,Couplings_RF->LH_CStat_R,Couplings_LF->RH_Mean,Couplings_LF->RH_CStat_Mean,Couplings_LF->RH_CStat_R,Couplings_LH->RF_Mean,Couplings_LH->RF_CStat_Mean,Couplings_LH->RF_CStat_R,Couplings_RH->LF_Mean,Couplings_RH->LF_CStat_Mean,Couplings_RH->LF_CStat_R,Couplings_LH->RH_Mean,Couplings_LH->RH_CStat_Mean,Couplings_LH->RH_CStat_R,Couplings_LF->RF_Mean,Couplings_LF->RF_CStat_Mean,Couplings_LF->RF_CStat_R,Couplings_RH->LH_Mean,Couplings_RH->LH_CStat_Mean,Couplings_RH->LH_CStat_R,Couplings_RF->LF_Mean,Couplings_RF->LF_CStat_Mean,Couplings_RF->LF_CStat_R,Couplings_RF->RH_Mean,Couplings_RF->RH_CStat_Mean,Couplings_RF->RH_CStat_R,Couplings_LF->LH_Mean,Couplings_LF->LH_CStat_Mean,Couplings_LF->LH_CStat_R,Couplings_RH->RF_Mean,Couplings_RH->RF_CStat_Mean,Couplings_RH->RF_CStat_R,Couplings_LH->LF_Mean,Couplings_LH->LF_CStat_Mean,Couplings_LH->LF_CStat_R,Support_Zero_(%),Support_Single_(%),Support_Diagonal_(%),Support_Girdle_(%),Support_Lateral_(%),Support_Three_(%),Support_Four_(%)
A111_4 16 weeks post-tx,EXC,55,,Trial0033,,3,3.640236373,9.812324897,22,0.176874049,-4.763213873,44.51436909,0.250858347,154.59375,77.75358239,0.590104167,0.728289474,0.292888569,41.42870528,161.5625,31.125,85.04828085,134.8791667,0.108641317,25.72161351,2.727474234,0.287602673,61.73358229,-,-,-,-,-,0.09259208,0.039991129,0.044183724,9.555177573,18.15369086,0.193252169,-7.678154374,13.54589954,0.246764643,167.2580645,78.34868524,0.563306452,0.73344652,0.274182937,18.92074178,173.2580645,31.41935484,85.48385623,141.855914,0.094289009,35.15184231,2.832191856,0.287886089,66.38956255,-,-,-,-,-,0.133822616,0.017944466,0.045157084,10.13187909,18.44888371,0.195154806,-3.80232176,44.66148347,0.260921053,152.1818182,75.19421067,0.605555556,0.772966507,0.316677632,35.55698999,159.6060606,31.48484848,83.59789535,131.8828283,0.095678483,30.45441581,2.826532312,0.293345605,66.43237712,-,-,-,-,-,0.112521364,0.047133598,0.041418921,9.961792037,20.75369985,0.147832437,-11.3648475,17.9744826,0.185930304,122.59375,68.86087557,0.48125,0.615049342,0.205978618,32.92967283,133,31.96875,74.37405882,107.04375,0.143461187,20.69861371,2.798911053,0.291060948,49.10256128,-,-,-,-,-,0.084306203,0.045689002,0.016440166,9.986721231,19.00891796,28,0,7.142857143,60.71428571,28.57142857,3.571428571,0,97.39130435,1.547347315,1.696607997,3.433666667,9.759448362,65.09186809,128,12.94561995,-,-,-,0,0,0,0,0,0,0,0,1.800143678,1.821111111,3.945876266,88.40498539,0.548049985,23.41432355,81.35486644,0.392409444,39.04307409,44.68081703,0.832020496,51.37314974,52.12037996,0.869548502,29.5368104,30.83131396,0.402768223,40.58754502,40.07414096,0.529951,59.42489516,89.22507759,0.575299953,57.49513861,84.16042082,0.425361693,43.89303197,12.4493915,0.472835273,45.04670678,15.42870593,0.482764436,45.06499156,44.28094858,0.849111891,51.90821173,52.42030378,0.841770178,53.85402905,55.06093258,0.818297902,47.94486497,48.47074976,0.875851112,37.26233842,30.81056975,0.405297368,40.58754502,40.07414096,0.529951,62.83871922,71.70664925,0.376620881,58.91299603,59.92422305,0.554773515,0,2.624671916,35.30183727,0.787401575,19.42257218,35.03937008,6.824146982
A111_4 16 weeks post-tx,KO,3,,Trial0002,,3,5.312674974,6.566680426,41.66666667,0.251361566,-3.672386772,41.58404545,0.251074294,139.3414634,73.32996916,0.591361789,0.712259307,0.289835526,45.19076441,143.3902439,31.41463415,81.24095375,123.1203252,0.086459749,27.02661602,2.244722598,0.325866096,71.46443165,-,-,-,-,-,0.077524248,0.073842947,0.091454543,7.020112619,29.99684337,0.265311706,-5.580145265,24.00428412,0.175327169,115.4054054,63.52803417,0.465765766,0.572261735,0.200147582,35.78428119,119.1621622,32.62162162,68.82897981,99.65656371,0.113958177,26.55575313,2.377273519,0.390637547,68.844358,-,-,-,-,-,0.145682563,0.057277817,0.062266528,6.881759131,31.49593732,0.25512417,-3.05760926,41.93901814,0.242304981,133.5238095,68.82149628,0.567460317,0.74943609,0.286191259,43.38524071,139.6428571,31.30952381,75.60325014,116.1793651,0.075536447,29.40090131,2.183130342,0.311106699,74.17049944,-,-,-,-,-,0.082706354,0.079891008,0.087058332,6.906671044,33.02436176,0.230861499,-7.362074559,19.88136882,0.157369389,113.1470588,60.29840887,0.451593137,0.580959752,0.174322755,31.22867609,118.5294118,31.64705882,64.01237031,90.90784314,0.174275587,17.10214515,2.614782065,0.411049102,54.92544885,-,-,-,-,-,0.10791471,0.067003596,0.063143006,7.180903094,31.53389361,30,3.333333333,6.666666667,3.333333333,80,6.666666667,0,85.71428571,1.594176042,1.468113715,5,6.399989747,79.99585413,154,10.54445732,-,-,-,0,0,0,0,0,0,0,0,1.659722222,1.415277778,11.27863899,9.740749909,0.799127784,17.23721996,15.6370641,0.748677403,45.04786707,46.10250625,0.756437561,54.29932725,54.33473501,0.901088829,52.11081447,60.8411721,0.734431282,62.49581323,66.4170645,0.795527138,24.71114704,9.73428137,0.804971393,23.86958328,15.64865464,0.746597871,73.24961799,87.89919388,0.60472904,72.13357889,84.29222286,0.581316856,46.81987284,46.99963053,0.669310697,54.88743376,54.62631399,0.871053458,53.36125871,52.11283414,0.704763851,45.63724809,45.16361392,0.766141756,60.12517874,62.13126234,0.680403318,65.72161968,66.4170645,0.795527138,40.57922224,37.49967409,0.589846492,35.87528597,29.40579071,0.516182258,0.165837479,2.155887231,30.34825871,2.155887231,2.487562189,44.27860697,18.4079602
A111_4 16 weeks post-tx,KO,15,,Trial0007,,3,6.49853911,5.644316312,37,0.300449104,-2.862447245,46.08252703,0.265689185,147.1707317,77.14948883,0.566768293,0.753851091,0.285308087,60.11662033,156.3414634,31.56097561,84.32551851,133.3957132,0.108232209,21.80974131,2.234414766,0.405080738,70.52825174,-,-,-,-,-,0.119246555,0.085256649,0.084983813,5.58357035,17.73850657,0.226365751,-7.739995738,22.11928953,0.178154025,97.14705882,54.06893785,0.555392157,0.645743034,0.209666215,30.66732775,104.3823529,32.02941176,58.47908042,83.5252451,0.247306528,14.17760707,2.617131548,0.469497577,49.91170764,-,-,-,-,-,0.072130721,0.087909511,0.068908404,5.734274751,15.90887308,0.309731411,-1.995272562,41.13235724,0.290830592,153.8333333,74.27278399,0.614930556,0.785526316,0.322582237,59.45891646,161.5833333,31.25,83.07229525,136.6722222,0.133700683,19.54081896,2.468653038,0.438315776,68.93117937,-,-,-,-,-,0.12096541,0.093071522,0.096891124,5.795919121,16.90195365,0.324672133,-4.187767363,22.45244319,0.224541118,112.15,62.25649325,0.631354167,0.659013158,0.275180921,63.78526666,136.025,31.3,71.27773733,112.7129167,0.077699482,31.33496968,2.20524684,0.392005621,73.74446646,-,-,-,-,-,0.19271657,0.058229024,0.084297013,5.821599544,18.00090247,27,25.92592593,14.81481481,22.22222222,37.03703704,0,0,80,1.339968321,1.88490809,6.082333333,5.812849313,46.43861164,151,8.665797423,-,-,-,0,0,0,0,0,0,0,0,1.956510417,1.712719298,17.67804957,99.88717413,0.484450771,10.98920957,5.711268315,0.520486182,47.05588806,54.06390727,0.671969281,45.60580983,45.68738142,0.86064641,45.56171668,57.63476097,0.46089546,38.04002954,48.04986421,0.565363969,48.99243204,99.57833725,0.48421681,37.74552904,4.76635143,0.515186317,60.71992883,91.48407219,0.416075642,60.87076971,93.0363737,0.397321502,54.51613497,54.81380973,0.652878024,45.60580983,45.68738142,0.86064641,44.12871053,41.46202693,0.563743383,54.63750057,54.810481,0.860270438,55.92437841,57.09751777,0.444311612,49.39903441,48.15703874,0.567941491,42.38544297,37.88635523,0.353569436,49.44645982,50.61589436,0.473596883,0,1.778808971,30.16241299,2.088167053,7.424593968,43.7741686,14.77184841
A111_4 16 weeks post-tx,KO,17,,Trial0008,,3,5.521686357,6.389408883,44,0.287499978,-3.056749058,48.84036152,0.30537406,160.5714286,77.74793453,0.595833333,0.812030075,0.32593703,61.08387289,169.2571429,31.22857143,84.29182492,142.7142857,0.121481579,22.13904189,2.596025467,0.418710055,67.80809047,-,-,-,-,-,0.096759503,0.115277146,0.080794171,6.69307709,24.83840416,0.293023654,-4.768929625,26.85501874,0.220504675,114.6842105,61.29569395,0.564473684,0.719875346,0.26455419,61.57427283,128.8157895,31.21052632,69.15620207,108.4280702,0.087861672,32.10002982,2.337134901,0.384523093,73.1338679,-,-,-,-,-,0.161802407,0.039510444,0.097918982,6.707479148,22.70600492,0.30923086,-1.773824211,43.72792166,0.305281015,170.4571429,77.17548904,0.590595238,0.842481203,0.332915414,61.77793786,181.3142857,30.94285714,84.56836075,146.5942857,0.096759503,27.51299207,2.572799628,0.404910356,74.34961574,-,-,-,-,-,0.114899648,0.079551373,0.115593967,6.569220693,26.60374353,0.212707581,-7.123865415,22.3874071,0.185263158,118.6388889,61.6634233,0.532175926,0.607894737,0.22171875,37.21203847,128.8333333,32.25,68.04606725,103.5164352,0.181912545,13.67418216,2.361739306,0.406072421,49.8028467,-,-,-,-,-,0.079230497,0.099390392,0.039508221,6.673697981,25.22331035,30,13.33333333,10,56.66666667,20,0,0,90.90909091,1.174461332,2.305047708,5.151,6.358567006,66.99924034,144,9.596037769,-,-,-,0,0,0,0,0,0,0,0,1.824421296,1.927777778,3.725895527,94.38342119,0.55727544,95.04971785,94.74298267,0.733756895,36.90232114,45.8216149,0.613140963,55.13001627,55.25247901,0.869901577,40.2032947,38.2223711,0.605535929,40.81442435,49.88965648,0.678152331,62.01753817,94.06885602,0.588401619,94.9190975,94.62526967,0.747356768,36.55963443,6.239533445,0.60880427,43.39727767,7.09659605,0.551375655,48.19562481,46.17506891,0.512587316,54.51209053,54.7135626,0.886658852,53.87623669,55.50996557,0.568561641,44.89594371,43.45509628,0.787503733,41.38317276,38.6192011,0.562041338,51.05478357,49.89733272,0.663086249,57.73623796,60.71004155,0.676902305,47.7934082,47.37657141,0.638100229,0.232378002,2.478698683,30.90627421,1.394268009,5.0348567,38.96204493,20.99147947
A111_4 16 weeks post-tx,KO,27,,Trial0012,Lower body part is obviously weak. Tail is weird. ,4,5.113758904,6.911048844,35.5,0.267451806,-1.601718211,38.02909188,0.278854039,151.7674419,71.05988129,0.577713178,0.844369645,0.31126836,52.95842237,160.4651163,31.13953488,78.88976526,130.0496124,0.12491355,22.49019108,2.776413859,0.395479154,67.35503029,-,-,-,-,-,0.104570741,0.076122271,0.088100258,7.042982716,20.3783955,0.210104211,-6.780826702,32.84832182,0.112692778,91.53488372,55.47529278,0.429554264,0.508935129,0.135110159,55.59565621,103.0465116,32.06976744,61.82386243,82.95348837,0.202990295,15.620207,2.795540468,0.40827868,50.50807781,-,-,-,-,-,0.131565536,0.022781589,0.051706965,6.966955959,21.25433282,0.271928221,-3.254515544,50.47353305,0.246296482,151.3695652,72.80053786,0.587862319,0.747597254,0.296985841,44.2897887,157.3913043,30.69565217,81.17344418,128.8507246,0.099591182,26.75961405,2.609757761,0.373173335,73.03535874,-,-,-,-,-,0.118820206,0.083029397,0.072074093,6.826449946,22.42763948,0.216224056,-7.589353609,30.82559782,0.129449013,99.34090909,53.9010572,0.477083333,0.595873206,0.161422697,32.69331862,106,31.72727273,59.02653244,83.02227961,0.176444672,17.49847297,2.725782567,0.389083322,51.8843751,-,-,-,-,-,0.15448827,0.049416632,0.024208785,7.121531668,20.99987614,36,25,0,0,66.66666667,5.555555556,2.777777778,91.71974522,1.301382196,0.898613329,4.792,6.806285712,64.31779196,176,9.579154102,-,-,-,0,0,0,0,0,0,0,0,1.424358974,1.741666667,11.77525522,8.048311224,0.619008876,19.65921406,17.23046127,0.754940137,44.27780326,55.5582383,0.756133834,55.73812011,55.76153772,0.933455217,49.51131896,61.62113358,0.774411864,42.53381909,63.60545607,0.715571816,39.01170219,7.959040058,0.630943169,19.65921406,17.23046127,0.754940137,72.88968641,91.92752569,0.69460281,77.53983972,82.03976753,0.617406412,55.93338122,56.25446664,0.702210902,55.88157311,55.91249865,0.933453899,43.85218118,43.11240459,0.757736599,44.55285496,44.20696286,0.864834492,61.09528291,61.57833001,0.763823134,61.26039804,63.99458768,0.706807106,39.58053223,38.16624712,0.6416759,39.21923616,37.79509804,0.619663696,0,2.545968883,43.06930693,8.345120226,2.475247525,36.13861386,7.425742574
A111_4 16 weeks post-tx,KO,28,,Trial0013,Run01: frame 234 RH didn't detect? ,3,3.453346057,9.933448428,33.33333333,0.207675923,-2.530408124,39.39001425,0.262906123,155.1923077,72.94589764,0.608173077,0.833502024,0.316764929,44.133423,159.8846154,30.96153846,79.31380436,129.3794872,0.112392749,30.96408693,3.346300423,0.324591467,64.45546658,-,-,-,-,-,0.115194452,0.05863517,0.03701227,10.53358061,18.51604571,0.15470478,-9.350202717,36.26446553,0.096650611,85.46428571,52.44554016,0.417410714,0.494830827,0.119911889,64.16043244,97.03571429,32.75,58.42742797,75.71750392,0.166477673,23.23749126,3.195878297,0.322180709,49.92173579,-,-,-,-,-,0.103401001,0.028746639,0.023555395,9.989351351,21.39979041,0.201039941,-3.17538152,36.74746284,0.270296053,151.7857143,70.13936274,0.579464286,0.801879699,0.304024906,49.83393277,157.4285714,31.32142857,76.79325969,125.0714286,0.110586674,30.09331773,3.25182288,0.310599748,64.2623609,-,-,-,-,-,0.107709718,0.034933088,0.056556197,10.25083358,19.57313623,0.189266053,-9.4259343,35.14726297,0.129780702,107.4444444,60.62437921,0.466820988,0.521052632,0.153300439,52.51774903,116.4074074,32.07407407,67.39373801,94.58776655,0.135987907,27.63539358,3.357655883,0.323127953,56.13818123,-,-,-,-,-,0.147214792,0.019961733,0.034935531,10.2347035,17.72171082,22,4.545454545,4.545454545,45.45454545,45.45454545,0,0,91.66666667,1.279671053,1.946501522,3.263666667,9.949686164,46.20215766,109,11.54834401,-,-,-,0,0,0,0,0,0,0,0,1.817391304,1.556570513,5.398411193,94.70742636,0.628523487,16.09481485,94.16912131,0.539589261,48.53370296,48.70367699,0.837159757,49.23053973,49.56412936,0.907918769,42.68680835,43.45786654,0.521960096,41.38657126,44.5155858,0.623760832,55.39762471,95.12892309,0.670191958,42.03256332,93.3796363,0.560361702,104.9510417,4.427226415,0.771094106,56.58667805,6.24642537,0.498698949,49.61204397,49.32866007,0.786388254,49.23053973,49.56412936,0.907918769,47.90916675,48.9341243,0.781551505,51.1375507,51.34384147,0.828854815,44.39566661,44.59565166,0.468684688,45.79262716,44.42591768,0.622736991,54.74823693,54.84128038,0.494881606,53.64171676,54.38503855,0.632057108,0,6.005586592,47.62569832,4.05027933,6.983240223,30.02793296,5.30726257
A111_4 16 weeks post-tx,KO,38,,Trial0020,,3,3.250206546,10.30136866,31,0.19347706,-4.055274407,38.00766389,0.256932849,136.7586207,70.65519991,0.580028736,0.798729583,0.297920826,35.68254222,142.5172414,31.37931034,77.01348383,118.1862069,0.106925968,31.95755531,3.193336796,0.299270083,63.55297519,-,-,-,-,-,0.110017065,0.039216423,0.042805002,11.09282665,24.24709079,0.221502744,-7.67798174,25.76491387,0.237006579,157.7407407,72.87386732,0.594135802,0.726315789,0.281633772,35.81282072,168.4074074,31.25925926,83.52073298,137.617284,0.078336277,41.08326418,3.126054908,0.303777106,72.60753779,-,-,-,-,-,0.079621404,0.081616922,0.063212156,10.7446773,23.7656473,0.17195152,-4.101172229,31.26298114,0.254433362,134.6451613,68.25003947,0.563306452,0.774702886,0.29141129,38.31883822,138.7741935,31.16129032,73.8714762,113.2258065,0.101443445,29.61822734,2.960147127,0.277892764,62.29298162,-,-,-,-,-,0.095864661,0.037934628,0.03932388,10.50992997,25.34435872,0.201699566,-7.412210722,21.68689545,0.212980263,141.5666667,72.93019496,0.513333333,0.686842105,0.238815789,49.13421208,159.7333333,31.86666667,83.4194597,131.7555556,0.076311294,40.20349387,2.934092287,0.283388282,71.11188692,-,-,-,-,-,0.071158709,0.058470238,0.0807734,10.80558966,21.23925735,26,11.53846154,19.23076923,38.46153846,26.92307692,0,3.846153846,97.19626168,1.409092105,1.439210526,3.067,10.44768342,61.12287773,117,13.24083194,-,-,-,0,0,0,0,0,0,0,0,1.519551282,1.450862069,22.46957201,95.69381719,0.493473918,5.338081693,92.78053304,0.694984443,46.24229469,48.86573927,0.666561681,48.74248782,49.14833005,0.864270261,36.93477002,40.27574858,0.66119408,42.67084782,44.49866716,0.595868273,51.02379462,95.40278173,0.531242451,61.14789247,93.15950718,0.714337835,56.01243467,3.185450042,0.442766931,47.64791066,7.596745655,0.673723706,50.19229469,48.93767143,0.667442994,49.97631205,49.83361236,0.816126516,48.93966802,50.15022272,0.638004477,49.67029154,50.54265508,0.778700564,41.53668984,40.06522864,0.647886696,44.08385041,45.3102832,0.550331501,59.21365803,61.37482214,0.621166708,54.30898577,53.97184871,0.509629495,0,1.253481894,37.74373259,0.835654596,2.228412256,40.80779944,17.13091922
A111_4 16 weeks post-tx,KO,39,,Trial0021,,3,4.62937723,7.708606903,34,0.233924645,-3.41986793,49.83459539,0.240592105,152.0606061,74.91144714,0.575,0.732057416,0.280756579,57.50398082,158.5454545,31.39393939,84.64159069,130.6909091,0.102303208,26.10679558,2.607785884,0.337959471,67.74751706,-,-,-,-,-,0.102404108,0.07212834,0.059392196,7.801272485,25.7341478,0.263153738,-6.712403174,32.37421575,0.190463346,134.5428571,66.26079313,0.547380952,0.613082707,0.224145677,47.49718433,143.2857143,31.82857143,74.40196426,114.9009524,0.096193696,32.68711768,2.651326896,0.350579229,70.83314489,-,-,-,-,-,0.084810242,0.096560747,0.077954164,7.741163143,22.36744058,0.226191367,-2.816733779,42.53805495,0.245387624,149.027027,69.55534769,0.566103604,0.781578947,0.289043385,41.43331643,153.6486486,31.18918919,76.17342263,123.1207207,0.099392223,27.37406231,2.5803643,0.329370081,68.96587795,-,-,-,-,-,0.099003105,0.058385519,0.073234658,7.442330891,24.75335857,0.266542208,-5.761560812,21.57042882,0.199363692,126.90625,64.94727336,0.568619792,0.608388158,0.233863076,55.44944313,143.78125,31.40625,75.05219147,117.4770833,0.087220861,34.43560556,2.655932448,0.353407924,73.58753772,-,-,-,-,-,0.094009072,0.07564784,0.096885296,7.725269365,22.34682212,29,17.24137931,13.79310345,34.48275862,34.48275862,0,0,92.8,1.551893462,2.225502131,4.409333333,7.640354189,65.66452864,137,11.18575334,-,-,-,0,0,0,0,0,0,0,0,1.670052083,1.704427083,12.3501999,99.05410996,0.587199452,20.31469292,94.51092089,0.537125195,49.09010122,49.79529132,0.834647231,49.63586296,49.8436181,0.806782644,40.60520286,46.64225882,0.546215903,44.99599711,46.4227748,0.640549932,53.37409827,98.04154806,0.581641991,58.22580993,94.46855392,0.559576121,56.43629454,3.126317993,0.594541305,48.48624017,6.504323032,0.528799349,48.81241998,49.50169872,0.832696956,49.63586296,49.8436181,0.806782644,51.17668624,51.25091916,0.902651125,50.71643078,49.96073539,0.806714167,44.51899597,46.77279132,0.518173026,44.99599711,46.4227748,0.640549932,55.83362177,53.89171283,0.543412671,54.76686887,54.12416361,0.624763669,0,0.682926829,29.95121951,0,2.926829268,44.7804878,21.65853659
A111_4 16 weeks post-tx,KO,49,,Trial0030,,4,5.248756291,7.593049306,52,0.296722012,-2.338781205,36.50141835,0.27249235,144.5813953,72.21029332,0.592635659,0.809669523,0.311647032,46.75561764,151.1627907,31.20930233,79.56972528,126.1069767,0.10187805,25.67858114,2.573303504,0.394474406,70.3137015,-,-,-,-,-,0.105772525,0.081058758,0.111725632,7.443450345,38.2903192,0.346925643,-5.198825745,29.97128404,0.167121711,114.2045455,64.10594922,0.459375,0.565191388,0.188289474,59.40399323,129.5454545,31.81818182,72.38101055,107.7136364,0.085606743,38.10320969,2.795369403,0.436776276,75.02457455,-,-,-,-,-,0.127474256,0.093185212,0.147450845,7.969850901,36.90195657,0.294625665,-3.336734553,42.98460559,0.267473684,149.0666667,73.30454468,0.587685185,0.770526316,0.305684211,48.61969823,152.8222222,30.95555556,80.86894113,127.8325926,0.108352342,25.89020116,2.698231505,0.41126879,69.21574954,-,-,-,-,-,0.104559051,0.120596375,0.088015128,7.785786986,37.32978003,0.287085202,-6.279010101,22.10040998,0.159934211,106.4888889,60.6501739,0.445092593,0.582631579,0.185046053,42.8831039,117.1555556,32.48888889,66.90800983,95.07851852,0.129047348,20.74733197,2.589325519,0.418330693,59.53494377,-,-,-,-,-,0.072021851,0.12812284,0.089143133,7.553627714,36.32121255,37,8.108108108,5.405405405,18.91891892,64.86486486,0,2.702702703,91.35802469,1.518395692,1.706780082,4.97925,7.481474721,105.4312977,177,9.382231382,-,-,-,0,0,0,0,0,0,0,0,1.265,1.661724806,10.88032961,7.110128885,0.56020978,17.18019872,7.013747464,0.508452008,42.47737736,50.80667319,0.669890461,47.30370752,50.090991,0.737250455,38.96375626,57.17740587,0.470151686,45.95096778,55.41035559,0.580622524,44.49566712,6.295608747,0.578308765,39.91795566,6.041267567,0.531627572,72.49594353,96.11160846,0.524610735,68.32512972,94.42606024,0.536571583,50.02722141,50.69436521,0.652284676,50.34227652,50.72239237,0.717721953,48.82829246,47.57613366,0.636052338,50.11569649,50.03746512,0.833293839,52.96982275,57.98969394,0.472737449,53.88749687,55.95531598,0.560376563,44.7717558,40.79477154,0.330468307,45.21159705,45.21775199,0.479282845,0,0.934579439,25.04672897,0.809968847,3.364485981,38.94080997,30.90342679
A111_4 16 weeks post-tx,KO,52,,Trial0031,,3,3.065502046,12.37827988,29,0.166699226,-5.284752495,38.61636858,0.256222979,137.0357143,70.04966262,0.623660714,0.786654135,0.309258694,40.63983982,143.0714286,31.39285714,77.68845083,121.7880952,0.093969366,34.1168128,3.162129776,0.262679022,62.34527534,-,-,-,-,-,0.099960529,0.037274829,0.028064093,12.30799775,17.68424976,0.151540354,-8.502168886,36.42465664,0.130263158,101.7419355,56.56635855,0.390322581,0.527164686,0.141188455,62.85411652,112.6451613,31.67741935,62.05419555,84.80215054,0.08890419,35.5548564,2.940806399,0.240974399,61.90973931,-,-,-,-,-,0.10993784,0.023195007,0.021066154,12.06591536,19.69428031,0.152263606,-6.357201253,36.05732028,0.2619375,138.2333333,69.64681282,0.598888889,0.743684211,0.302970395,46.13230648,143.9333333,31.33333333,76.66723569,118.9933333,0.096258287,32.41958454,3.026356879,0.248039971,60.81343123,-,-,-,-,-,0.09035516,0.026911424,0.036120569,12.15978912,19.53210208,0.127949548,-10.83676319,25.36627456,0.140358553,110.7666667,62.75887396,0.417083333,0.528157895,0.156858553,45.50395852,122.1333333,32.06666667,69.26545414,95.29435897,0.122149954,27.66641486,3.026034667,0.251729873,51.32292778,-,-,-,-,-,0.083684496,0.021109397,0.022942571,12.21168429,17.89403841,26,7.692307692,3.846153846,15.38461538,73.07692308,0,0,97.19626168,1.599906781,1.355156875,2.745333333,12.26304509,64.77738577,119,15.05773742,-,-,-,0,0,0,0,0,0,0,0,1.367097701,1.409770115,6.428579026,5.674053989,0.732186894,12.21373482,3.831679604,0.613852523,45.70842974,46.27097249,0.871424825,49.69498918,49.71918653,0.957649793,40.40867337,52.00125771,0.567145719,47.70271487,54.3649381,0.756566375,41.04559281,4.22921502,0.712480944,39.92453401,2.589171929,0.591779502,71.17905718,97.10391656,0.783221974,74.90446806,98.0853522,0.61739832,46.8537636,46.90199603,0.826754384,49.69498918,49.71918653,0.957649793,53.00581063,52.61856715,0.895782131,50.38185474,50.35390898,0.845409427,53.32673357,52.31852567,0.515176739,55.31232933,54.37834019,0.761142349,47.64685669,47.71227948,0.561311074,45.77171764,46.93592276,0.669046602,0,0.991735537,55.53719008,1.818181818,8.760330579,24.62809917,8.26446281
A111_4 16 weeks post-tx,KO,56,,Trial0034,,3,4.266460605,8.46638107,50.66666667,0.227875391,-3.225150975,41.20319877,0.285674342,171.6111111,81.03325296,0.597106481,0.767763158,0.321677632,48.22760202,176.0833333,31.13888889,88.95065576,146.0222222,0.079935411,30.95895724,2.447444994,0.312480997,71.81886365,-,-,-,-,-,0.104747541,0.059642724,0.047242465,8.570977884,38.84102148,0.22465304,-6.346710998,26.97009314,0.260001061,156.6129032,70.15848714,0.628360215,0.779286927,0.308744694,37.69161937,162.6129032,31.22580645,79.03757376,135.0903226,0.076707879,40.8346724,2.822713098,0.304378284,73.43288389,-,-,-,-,-,0.081636743,0.072716739,0.067542725,9.849103224,35.92181073,0.204566239,-4.493924283,32.96661386,0.268667763,147.9166667,75.81922207,0.572916667,0.757894737,0.294539474,39.01994889,152.9166667,31.55555556,81.82685283,127.8222222,0.104747541,24.45595526,2.482157573,0.313074846,63.69026626,-,-,-,-,-,0.079935411,0.070269069,0.049963321,8.802559253,40.69416499,0.214220764,-7.565196972,24.32699666,0.216867804,159.96875,76.08563222,0.5328125,0.692763158,0.249738898,34.49560923,168.40625,31.625,85.83407367,139.3770833,0.085079325,38.05442698,2.800951902,0.302511709,69.65209244,-,-,-,-,-,0.073142348,0.065672486,0.061745035,9.680684616,34.64113309,28,7.142857143,7.142857143,0,82.14285714,0,3.571428571,93.33333333,1.463826256,0.960141832,4.02,8.435481222,73.27284002,135,11.64136457,-,-,-,0,0,0,0,0,0,0,0,0.771264368,1.122067901,14.29964969,16.64885816,0.767928643,10.12478335,10.13954138,0.796512945,48.83596627,48.84453218,0.918835089,43.21126575,45.49551761,0.793611375,63.54682268,64.20352221,0.887095393,59.66158666,60.44063244,0.852222555,22.24891368,16.31583736,0.771597671,18.87791176,9.125222039,0.816741944,76.25214795,84.4441157,0.720188009,79.7135819,90.79536252,0.717036278,48.83596627,48.84453218,0.918835089,46.05412736,45.70068386,0.799229768,52.6141659,52.38973699,0.886306998,53.50702102,54.40686772,0.795856285,63.54682268,64.20352221,0.887095393,60.22967604,60.99435085,0.843760299,38.10987306,37.07546295,0.775855962,40.50010509,38.62058315,0.757767188,0,0.93708166,28.91566265,0.535475234,3.882195448,58.90227577,6.827309237
A111_4 16 weeks post-tx,KO,58,,Trial0036,,3,3.484869159,10.52977084,27.66666667,0.213614087,-3.089003215,36.69550342,0.321587171,167.4285714,78.54878792,0.635119048,0.855169173,0.355664944,48.47142221,175.0714286,30.89285714,87.02601597,145.6904762,0.097855958,32.44758949,3.146545371,0.312739623,66.53648966,-,-,-,-,-,0.103447804,0.069098188,0.041139412,10.49345629,20.49582733,0.218066056,-8.143141332,14.48259141,0.244558574,162.3225806,76.90423251,0.545564516,0.683022071,0.277229414,26.53721306,177.6451613,31.4516129,86.2405604,142.9698925,0.070966839,43.24807906,2.883604398,0.292426485,73.32931998,-,-,-,-,-,0.072116037,0.070636796,0.076554038,10.65319531,19.00026101,0.198672945,-3.340965286,39.25853835,0.320043103,161.8275862,77.73736656,0.611637931,0.833030853,0.340817831,54.6899886,169.7586207,31.24137931,84.33677684,141.9655172,0.099469042,30.32733197,2.998544316,0.29840685,64.85782797,-,-,-,-,-,0.094092268,0.039557127,0.066824631,10.3438481,24.85574065,0.217013877,-8.017520022,16.0916998,0.2454375,169.2666667,80.96886055,0.545416667,0.734210526,0.280282895,25.47421496,178.1,31.56666667,90.13459866,148.6533333,0.072116037,43.06008269,2.895348807,0.29438146,72.82074774,-,-,-,-,-,0.070966839,0.079525815,0.071323554,10.61660385,19.8877147,25,4,0,56,32,8,0,94.33962264,1.208300806,1.539353675,3.222,10.37488449,48.79775632,118,12.7222907,-,-,-,0,0,0,0,0,0,0,0,1.912777778,1.792592593,16.26523721,82.28006174,0.363935969,18.6391038,84.25899664,0.280790395,49.97555456,49.58366277,0.901419386,47.95595346,48.6151348,0.913059569,27.1230594,33.20713808,0.286300114,29.90483069,31.05250114,0.338964311,65.77494682,81.14467234,0.377112882,58.52628714,83.68414894,0.289858097,37.15739686,14.95137364,0.353983755,46.54205302,12.84463748,0.259174893,49.8112003,49.32825282,0.897937606,47.95595346,48.6151348,0.913059569,50.12642205,50.38655217,0.863418468,52.09142369,51.84130786,0.856722877,46.23376691,31.64054718,0.259755144,39.81193838,31.54833833,0.291364577,57.05533162,66.03926641,0.203611868,60.26685322,69.76970657,0.289457653,0,2.135678392,23.74371859,0.879396985,9.924623116,42.21105528,21.10552764
A111_4 16 weeks post-tx,KO,59,,Trial0037,"Run 004, 005, 009 are not compliant. ",4,6.735763377,5.842714618,54.25,0.255930354,-2.977742357,36.55590035,0.275028269,163.875,79.44120762,0.580794271,0.767146382,0.299961451,50.80883905,170.59375,31.109375,85.51987393,137.2770833,0.079757396,25.5361972,1.93765011,0.297845316,71.99222771,-,-,-,-,-,0.073599158,0.093525701,0.071416757,6.279504246,46.25498445,0.412879187,-5.843507844,43.08381383,0.209383224,117.0227273,61.42146873,0.557291667,0.752511962,0.265337171,58.25826639,134.0227273,31.22727273,70.14127398,110.7212121,0.063312632,44.60554459,2.657146048,0.453364872,83.15202714,-,-,-,-,-,0.137143837,0.058108139,0.19655576,6.624942614,39.66005977,0.244124148,-2.971781449,42.36191969,0.263935547,170.734375,80.46497132,0.589388021,0.739391447,0.300928248,46.50333459,176.5625,31.265625,87.97029549,144.0177083,0.073599158,27.79646615,1.880157553,0.317799045,72.42687804,-,-,-,-,-,0.078428106,0.072591037,0.097878706,6.375669663,47.9730115,0.325215385,-5.573344527,22.52127605,0.253578947,162.6444444,70.99838421,0.571388889,0.78,0.292223684,25.79108673,167.9111111,31.6,77.43833454,131.2737037,0.138184359,21.24833156,2.624103462,0.422492003,63.66683693,-,-,-,-,-,0.05835691,0.189559702,0.081903784,6.815372432,41.52709517,40,10,2.5,15,57.5,7.5,7.5,79.20792079,1.484333882,1.657834256,6.12025,6.127642563,98.77208602,217,9.883658448,-,-,-,0,0,0,0,0,0,0,0,1.190575397,1.490116279,13.51878673,14.0793071,0.373882586,16.68749793,12.97947661,0.487076558,51.3299378,51.64946579,0.826169691,45.96248188,51.24027613,0.732641433,40.95296167,59.88130601,0.559063942,35.56723509,60.66716961,0.385881931,37.41648146,12.80236829,0.412130451,35.40475721,12.86042301,0.474896945,61.00451534,89.47028392,0.261358985,65.10350378,86.9198863,0.261942415,52.54539732,51.97513376,0.764028547,51.62143872,51.60393074,0.700761124,46.3240487,46.61805187,0.766727687,49.54719887,47.34995905,0.773395459,57.1682945,61.06358096,0.525476671,55.73949604,60.69341611,0.376057642,43.16897693,31.76949898,0.238396548,46.96240365,35.59889146,0.199866866,0,0.314465409,18.42767296,0.566037736,5.220125786,47.98742138,27.48427673
A111_4 16 weeks post-tx,KO,63,,Trial0040,,3,3.863188316,9.013172799,30.66666667,0.207622381,-2.532476323,45.62585598,0.269176604,167.34375,79.46789136,0.584375,0.774917763,0.30672903,43.28345827,174.625,31.125,86.53089013,142.0895833,0.095090354,30.2072709,2.763997,0.304899452,67.17008379,-,-,-,-,-,0.107579201,0.067598593,0.035300583,9.461209743,15.83534002,0.174981576,-8.611864121,16.76524243,0.212960526,155,65.96113046,0.55,0.637320574,0.248782895,26.40633856,164.8484848,31.18181818,69.21781328,120.2646465,0.1155751,25.09932652,2.612278657,0.294069219,58.17980746,-,-,-,-,-,0.060267056,0.057693292,0.060572395,9.399059321,18.23036946,0.182405189,-3.15602177,39.3214969,0.276995301,159.5714286,76.21387955,0.56047619,0.797819549,0.300628759,48.22152091,163.8,31.97142857,81.79945322,133.0380952,0.100855501,25.85615834,2.570439266,0.284750593,61.374394,-,-,-,-,-,0.088955492,0.031905523,0.063482077,8.969141151,22.13919854,0.230965186,-7.039246442,16.62627375,0.214072175,126.7941176,69.71333925,0.58504902,0.631114551,0.2574613,70.54548241,152.2058824,31.76470588,79.42594881,126.1196078,0.060267056,45.53862783,2.59915326,0.292955844,77.4841255,-,-,-,-,-,0.1155751,0.060262142,0.059285008,9.3964633,15.89820725,29,3.448275862,0,89.65517241,3.448275862,0,3.448275862,96.66666667,1.451978913,1.89930015,3.546666667,9.122650202,59.65136698,134,13.03816145,-,-,-,0,0,0,0,0,0,0,0,1.949444444,1.868981481,46.42882506,68.57881263,0.764549642,24.7137372,75.44209503,0.658774086,57.4291674,57.45776123,0.966894872,45.02918763,45.42819279,0.903771341,30.10470102,28.43108559,0.753117295,15.75997066,15.39313539,0.698100098,67.30621556,69.2735961,0.723885578,69.74444548,75.76312601,0.662407807,31.82372444,29.92522952,0.766003839,32.47821869,23.57598277,0.656376952,58.28608661,57.96167301,0.929687816,44.80973045,45.2056197,0.903137311,41.81505019,42.11051796,0.860048928,54.9499175,54.57799937,0.886110297,31.86495576,28.47409253,0.688236259,31.92281034,14.74660256,0.695414167,69.4056153,72.72455532,0.663930734,81.21234883,84.0054252,0.710173129,0,0,17.47211896,0,21.9330855,45.60099133,14.99380421
A111_4 16 weeks post-tx,KO,64,,Trial0041,,3,4.216240082,8.117913031,39.66666667,0.215926495,-3.163705517,45.98179733,0.308662623,153.9375,75.94759111,0.614453125,0.814884868,0.33176398,62.5115375,160.09375,31.15625,83.27841647,135.7395833,0.098753262,28.51234328,2.804289994,0.314572946,68.14405042,-,-,-,-,-,0.096341748,0.065280337,0.052856017,8.553536453,26.09703739,0.252074615,-7.242122531,35.20610546,0.197782895,132.7666667,71.31672663,0.569861111,0.611052632,0.242398026,66.48703733,147.1333333,31.23333333,81.05608626,124.3288889,0.07860546,40.57143352,2.943818068,0.331257188,75.74361964,-,-,-,-,-,0.144988574,0.026372666,0.072326982,9.110644136,22.52595562,0.221305308,-2.875275499,42.64345237,0.292277961,166.125,77.22549192,0.625911458,0.821546053,0.332171053,54.78794831,174,30.6875,86.31241218,144.4791667,0.096341748,29.67569513,2.796172203,0.318440154,69.05242306,-,-,-,-,-,0.098753262,0.05249921,0.064925735,8.681308151,25.56823616,0.168945246,-7.787022273,13.9035125,0.241746711,169,74.36309874,0.553055556,0.675,0.267148026,21.17592449,173.5333333,31.66666667,79.13942128,132.4444444,0.156083102,22.72367116,2.93438989,0.32525317,53.54938731,-,-,-,-,-,0.068990203,0.073826355,0.026372666,9.196933103,22.8565975,26,7.692307692,0,0,88.46153846,3.846153846,0,94.54545455,1.423273026,1.648789474,3.812,8.408949119,65.07802372,124,11.29887293,-,-,-,0,0,0,0,0,0,0,0,1.140922619,1.37827381,16.98752968,15.02908691,0.683082079,14.7566099,11.26444087,0.810259934,47.90573448,47.98123885,0.902085347,49.49997967,49.69519843,0.866687878,62.74173106,62.36559246,0.868052925,64.74942471,63.97231904,0.784450607,116.3080285,14.27037057,0.679983536,22.7566099,11.26444087,0.810259934,83.26567025,86.84253263,0.657096885,83.30369132,88.08865125,0.788950212,47.90573448,47.98123885,0.902085347,49.42328456,49.61428951,0.862381874,53.29683876,53.22756411,0.927966457,51.47113603,51.34512042,0.895225682,64.17456474,63.65049688,0.820714545,64.94334599,64.12967632,0.777583283,35.43084473,36.13645288,0.778400965,37.71986462,36.74420658,0.656998217,0,5.100830368,34.87544484,2.609727165,5.338078292,43.41637011,8.659549229
A111_4 16 weeks post-tx,Vehicle,10,,Trial0003,"Run 005, 006, 007 are not compliant.",4,9.862276189,3.959341197,125.5,0.438252117,-2.792059572,37.60696483,0.252892041,132.0163934,68.76260134,0.565778689,0.786238136,0.278998059,47.90973115,138.1639344,31.18032787,74.77889553,114.8251366,0.093755706,24.13128781,2.006308579,0.548391746,71.71236013,-,-,-,-,-,0.085906078,0.157658437,0.221247915,5.858176923,93.57204642,0.520239035,-5.846458098,25.37035327,0.198159757,126.6037736,71.02024092,0.586320755,0.588530288,0.237238704,42.89674836,137.9433962,34.32075472,77.46147406,115.7531447,0.113145137,26.24207617,2.218381596,0.635483093,69.58122521,-,-,-,-,-,0.066662965,0.214482299,0.236715015,6.435345633,101.9975864,0.431988182,-2.678562975,44.27240255,0.240986842,147.516129,75.67759267,0.555174731,0.712818336,0.274287988,54.37974575,154.3870968,31.66129032,82.97548246,127.5451613,0.08146266,24.35056236,1.87895034,0.527570193,72.18702753,-,-,-,-,-,0.089067921,0.204475104,0.146185234,5.813364463,95.39051746,0.614711482,-4.094079335,14.64175376,0.261981383,161.4468085,70.44724037,0.646542553,0.713549832,0.307365622,28.65858615,175.2765957,30.85106383,78.13405416,137.1276596,0.078288332,35.14053334,2.49910406,0.691865974,80.634238,-,-,-,-,-,0.118709236,0.252083555,0.252077931,6.376623539,93.81885171,42,9.523809524,4.761904762,4.761904762,66.66666667,7.142857143,7.142857143,80.76923077,1.410499704,1.413010263,8.71625,4.449311757,203.6072358,223,6.758665098,-,-,-,0,0,0,0,0,0,0,0,1.18525,1.047037037,14.59028704,10.64651943,0.651430733,12.15160644,10.3022563,0.804188231,30.09364844,48.45176638,0.609285119,40.38553235,51.48757119,0.692083432,47.93933277,59.09062784,0.621808682,50.99414967,63.58576004,0.687138287,28.2126006,10.36456831,0.635145522,25.43262615,10.23941805,0.802323688,70.45612348,90.39511993,0.63695333,78.13487351,89.9598222,0.676133731,51.07871896,49.17735217,0.417393135,50.53828969,50.99019669,0.621871435,50.40059387,50.84876275,0.529990411,49.76581451,46.84966056,0.523672328,55.16821945,59.56145866,0.574233119,60.82434663,64.26138601,0.702721946,44.42465092,32.39603339,0.366370099,45.28323613,30.6390345,0.254266769,0,0.242047026,11.89488243,1.037344398,1.279391425,31.84647303,53.69986169
A111_4 16 weeks post-tx,Vehicle,14,,Trial0006,Run002 RH missing at the beginning? ,3,5.940784607,5.814497557,36,0.242714354,-3.548021616,45.28479301,0.257428594,152.1463415,79.04635029,0.554471545,0.719191271,0.284593228,49.5031944,157.6341463,31.12195122,87.56614934,132.1853659,0.105265885,22.14120994,2.175374364,0.349507852,69.16847596,-,-,-,-,-,0.100003182,0.072642673,0.07344415,6.16086457,22.39390588,0.249421726,-5.652171292,33.44470145,0.165899436,110.9714286,60.71991854,0.488452381,0.600902256,0.190184211,54.38847492,119.4285714,31.54285714,67.3423693,99.20952381,0.12188069,21.54353899,2.271215559,0.373436166,67.95157775,-,-,-,-,-,0.082639389,0.081174214,0.084718317,6.038917515,19.53362818,0.257034737,-4.027889528,47.6403367,0.225762336,141.075,75.08396473,0.5671875,0.706973684,0.265655428,39.13485273,148.025,31.325,84.22982902,126.09,0.102705971,24.06604133,2.260723546,0.363552386,71.6246674,-,-,-,-,-,0.108110909,0.074887099,0.075145405,6.171886133,22.44435679,0.306106637,-5.37328385,30.93911641,0.252984765,172.8421053,74.47337755,0.621162281,0.710526316,0.305689924,35.69778682,177.4473684,31,81.08388935,140.4982456,0.08771507,31.51115616,2.381529021,0.383758022,76.87235079,-,-,-,-,-,0.125812325,0.087431696,0.080958447,6.098654472,22.51567595,32,21.875,3.125,25,50,0,0,90.14084507,1.755302519,1.620628917,5.334,6.089691525,59.88339659,154,10.38608654,-,-,-,0,0,0,0,0,0,0,0,1.333095238,1.489583333,10.15070482,95.52137514,0.542061883,17.31873397,1.416264694,0.514108707,41.41559382,52.88507431,0.734788352,50.68398972,50.91805439,0.838237788,45.81773354,51.02256096,0.555620328,45.98651033,46.66656907,0.680055341,55.3939646,95.8090219,0.562956333,33.95035754,1.359020432,0.51163456,53.98754562,2.393952097,0.52504157,67.81192135,97.29498475,0.581877361,53.4769655,52.93510052,0.717024959,50.68398972,50.91805439,0.838237788,46.23584371,46.74899544,0.79257441,49.15267064,49.35245368,0.855658212,51.39954336,52.46760876,0.493687971,46.71179976,47.09848855,0.642748629,47.50003644,46.44086233,0.518562571,52.74644596,51.99772006,0.586698579,0,1.269035533,32.99492386,0.507614213,3.045685279,43.06260575,19.12013536
A111_4 16 weeks post-tx,Vehicle,19,,Trial0009,,3,4.023493029,8.640241281,46.33333333,0.21527731,-3.036194384,42.79258476,0.26296875,155.25,76.2855906,0.590104167,0.770476974,0.305507813,51.773783,162.40625,31.15625,83.28748395,130.7666667,0.101215677,27.69817232,2.717261607,0.320861014,66.50635479,-,-,-,-,-,0.092264279,0.066788516,0.061969229,9.008985422,29.50144111,0.230318083,-8.528199215,33.28140555,0.232564655,138.862069,72.01631411,0.532614943,0.700725953,0.260975499,43.86339904,148.6896552,31.4137931,80.21267646,126.0896552,0.127869078,27.0091761,3.080642572,0.364026619,61.94234183,-,-,-,-,-,0.194885557,0.013977703,0.034344691,9.276658101,27.33037611,0.226820841,-2.92405289,36.92454625,0.249840666,153.46875,75.43805752,0.568619792,0.719407895,0.290242599,45.72733015,160.84375,31.0625,81.59427195,128.7416667,0.092264279,30.44001598,2.756913997,0.323270164,69.54053995,-,-,-,-,-,0.101215677,0.063002135,0.06713284,9.021985775,27.72476129,0.137020187,-10.95298033,28.64854494,0.161705989,135.6896552,64.64338581,0.440948276,0.610072595,0.180571688,33.43061153,140.8965517,32.31034483,67.90219628,102.7775041,0.214652811,16.12436148,2.974743227,0.354043174,39.92414201,-,-,-,-,-,0.09466152,0.029951742,0.012942318,8.995090953,27.5995513,25,12,8,12,68,0,0,90.90909091,1.485399007,1.773261838,3.657333333,8.627979749,74.09734229,122,11.47686206,-,-,-,0,0,0,0,0,0,0,0,1.140922619,1.427380952,5.669197584,4.139094937,0.770848835,7.486954086,5.318938297,0.780139115,40.68063153,48.38680453,0.764562816,51.78410506,53.56029213,0.75111536,52.26702491,52.36077012,0.861393333,55.65088618,56.3797629,0.842024869,45.28447265,3.732097985,0.791493414,27.09008494,4.866474462,0.787624254,67.18839468,97.95775443,0.664767336,77.38204581,95.00881925,0.768345986,46.47914336,47.15356814,0.807033974,51.61979047,53.50333221,0.734005651,53.32764403,52.21758869,0.832448966,47.93438988,47.4696153,0.851677524,53.32015584,53.17240379,0.821046479,57.33849782,57.90109865,0.801236367,46.59990887,47.64420119,0.557636999,42.5436403,43.45217231,0.725003185,0,5.965292842,47.72234273,3.145336226,2.819956616,32.32104121,8.026030369
A111_4 16 weeks post-tx,Vehicle,29,,Trial0014,,3,5.654868077,6.382495035,52.33333333,0.305568817,-2.482594667,42.6196708,0.270870743,158.2647059,77.71630181,0.595833333,0.754411765,0.306022639,55.7784813,165.2941176,31.08823529,85.2504224,137.0392157,0.117326798,22.92162765,2.601600526,0.422799402,68.61594182,-,-,-,-,-,0.096470685,0.066518088,0.147622531,6.963347168,40.64874903,0.304836082,-6.25702879,31.19062227,0.152960526,106.6969697,59.49490752,0.494444444,0.549043062,0.18375,67.07899611,121.6969697,31.51515152,66.30138786,98.33939394,0.155572886,21.27262936,2.750020669,0.468906342,62.71340452,-,-,-,-,-,0.17252315,0.105843846,0.03496646,7.006619534,37.54201474,0.33644113,-1.75240323,38.37500188,0.279491099,150.5588235,73.23662259,0.593137255,0.804566563,0.312344234,51.76069708,159.6176471,31.08823529,81.67733255,131.6019608,0.099582643,27.46685087,2.671327557,0.430225659,72.36524677,-,-,-,-,-,0.121237692,0.153798483,0.069954105,7.220871498,38.91799887,0.235039557,-8.183267777,38.80391825,0.105838816,83.66666667,51.50836509,0.420138889,0.526973684,0.128815789,57.12984319,91.63888889,32,57.14085827,74.86676587,0.184098072,18.63884486,2.475931937,0.417789551,55.17358729,-,-,-,-,-,0.112958039,0.031787691,0.091070944,7.030213553,36.98751934,28,14.28571429,10.71428571,39.28571429,35.71428571,0,0,91.80327869,1.386005164,1.928364142,5.445,6.288316087,90.50423177,137,8.675871747,-,-,-,0,0,0,0,0,0,0,0,1.964722222,1.902777778,4.763812866,93.02272367,0.620403927,13.52517642,94.94612853,0.433804073,42.33870299,42.5764405,0.644809534,50.16315387,53.11971166,0.826174623,35.91724167,36.36679601,0.477345633,45.01946431,47.20097134,0.57565535,57.99963509,92.68442841,0.628625171,43.31385469,95.16727118,0.441604871,48.01200123,9.524493878,0.446423586,56.96401574,1.938445161,0.433505753,42.33870299,42.5764405,0.644809534,54.50000042,53.61635431,0.781037619,55.6360644,56.26433412,0.579700404,43.71401767,44.51787204,0.848597491,39.76339552,36.36679601,0.477345633,49.91811345,47.52909929,0.524856652,63.31662461,64.9455813,0.380004529,50.33563324,52.49104569,0.398848588,0,3.346938776,27.34693878,3.591836735,8.081632653,38.12244898,19.51020408
A111_4 16 weeks post-tx,Vehicle,37,,Trial0019,,3,3.841037466,9.246218465,37,0.194725801,-3.109289265,38.60023811,0.264088199,156.84375,76.2919183,0.555729167,0.772697368,0.290649671,48.1038563,162.09375,31.28125,82.40021584,132.61875,0.108991983,27.32049137,2.829311847,0.301784333,63.95070101,-,-,-,-,-,0.101418811,0.037938602,0.056908988,9.34246072,25.34518024,0.19849212,-9.593059884,30.42171092,0.150432937,122.3225806,68.98161632,0.477553763,0.559252971,0.176065365,48.3864334,132.0967742,32.03225806,77.66654245,109.0795699,0.131764248,26.28492353,2.938367107,0.32972992,57.50026162,-,-,-,-,-,0.110805727,0.04464841,0.050810433,9.408225004,22.31809788,0.214397721,-3.508953015,43.95516453,0.274963816,164.6,78.75319752,0.580555556,0.776842105,0.312305921,41.28456792,169.2333333,31.06666667,86.24939144,138.3688889,0.108931316,28.36911104,2.981604447,0.323808562,65.07583721,-,-,-,-,-,0.117065464,0.058155655,0.041116094,9.76248625,24.15498271,0.206387244,-6.805507843,13.86772214,0.195503289,130.2,70.38100325,0.517916667,0.613421053,0.225138158,37.96699343,142.8666667,32.23333333,78.13045019,117.8411111,0.117067435,26.11230209,2.82080631,0.321571468,62.29860578,-,-,-,-,-,0.114815693,0.04624511,0.045884968,9.167715599,24.50801131,26,19.23076923,3.846153846,15.38461538,61.53846154,0,0,95.41284404,1.502766631,1.885603185,3.637666667,9.259340329,71.06276611,123,11.84160011,-,-,-,0,0,0,0,0,0,0,0,1.777678571,2.034051724,12.57169154,2.480356202,0.632335459,10.46999095,4.149124935,0.782446078,53.53251036,53.33002325,0.913606797,50.53556031,51.00162778,0.860506576,51.86265065,54.19013362,0.783932225,48.18129334,50.40649168,0.640203403,43.82252,1.8189429,0.643714581,30.09583254,4.001876526,0.790966902,63.13182164,99.59632452,0.664836969,77.01144935,95.56520374,0.758270864,53.73301685,53.53257107,0.908039279,50.48506239,50.96142515,0.85576701,46.2544096,46.33116805,0.834988228,49.31381804,49.47556783,0.932444689,51.86265065,54.19013362,0.783932225,49.00211886,51.21392598,0.604301722,47.4249649,46.77588674,0.706401628,49.78175912,48.20780394,0.666211157,0.237812128,1.902497027,46.37336504,1.545778835,5.588585018,31.39120095,12.960761
A111_4 16 weeks post-tx,Vehicle,43,,Trial0025,Run 004 and 005 are not compliant.,4,6.275842434,5.751252057,58.75,0.325820258,-2.657773029,39.08747427,0.284385741,146.9183673,72.37971935,0.608928571,0.825080559,0.327851101,53.39125749,155.0612245,31.18367347,80.03020496,128.1646259,0.124091625,20.92099534,2.471913947,0.461061893,67.95412356,-,-,-,-,-,0.09520494,0.157857666,0.085383083,6.429165195,34.4634238,0.348027605,-5.217996643,31.20240559,0.140240761,108.1702128,60.33523695,0.451507092,0.53818589,0.161027436,64.62123504,124.3617021,31.4893617,67.41780019,98.19774959,0.116481134,24.22781061,2.53919347,0.476602266,69.53891994,-,-,-,-,-,0.113624854,0.096042183,0.131070351,6.477225713,36.06184201,0.349337702,-2.113761541,45.506829,0.263317669,175.3265306,84.29085497,0.578996599,0.732277121,0.299738185,50.81444186,181.8367347,31.16326531,94.21352969,151.7319728,0.093089275,26.93504457,2.424414606,0.449867177,74.73399777,-,-,-,-,-,0.121393981,0.082987658,0.151870712,6.354789344,34.59938964,0.347972169,-5.014462588,28.36545681,0.198361842,141.8444444,69.43687522,0.531666667,0.633157895,0.225427632,39.375296,149.2,31.53333333,76.54660401,120.7607407,0.118738266,27.67066945,2.531225948,0.479139175,70.20029982,-,-,-,-,-,0.1102132,0.149508964,0.093432161,6.388236678,36.51806121,40,17.5,5,30,45,2.5,0,95.23809524,1.574751106,1.718556002,5.893,5.903282803,80.36467098,190,8.333283986,-,-,-,0,0,0,0,0,0,0,0,1.590625,1.72248062,15.80272368,97.72129741,0.434992805,5.329769393,3.697366612,0.729425989,46.42071939,48.60172982,0.786584206,50.90336321,55.04964743,0.797490472,46.61730404,47.57941021,0.561889633,45.98742649,52.86230555,0.487272227,51.23844094,97.92154733,0.441696206,43.15726479,2.528805584,0.705605398,51.87956738,4.975691326,0.443492139,62.94568562,97.22144807,0.666011856,51.29591787,50.13826891,0.703899515,52.95738701,54.89600743,0.794257346,48.97223527,49.79992184,0.792092058,47.31385408,45.50725005,0.783864398,49.55392968,48.89181544,0.451149312,51.01986953,53.07210929,0.490870868,50.83965037,52.20672706,0.521358805,49.21301211,47.27786002,0.420591096,0,0.985477178,23.4439834,0.414937759,3.890041494,38.07053942,33.19502075
A111_4 16 weeks post-tx,Vehicle,44,,Trial0026,"Run 008 might be plasm? lower body part is weak, LH hard to distinguish/detect",4,6.304630533,6.4462923,56,0.274383132,-3.169294338,36.57724294,0.285004934,148.9333333,73.78681741,0.59125,0.8325,0.31453125,46.79288268,157.55,31.15,80.78531535,129.7344444,0.085751168,27.17714416,2.11831031,0.364935983,73.66287428,-,-,-,-,-,0.095297397,0.105463807,0.077873027,6.144814602,38.8349096,0.33698996,-4.857088022,31.27712332,0.232359765,136.7368421,68.00600521,0.605482456,0.640720222,0.266810942,46.4216068,148.9473684,31.45614035,75.98377275,121.4081871,0.058206199,38.70240328,2.149319067,0.400473729,78.83090519,-,-,-,-,-,0.084860916,0.085052739,0.167800145,6.622271557,44.68327812,0.259906687,-3.208003075,41.21601687,0.247337171,150.7666667,74.5812276,0.540833333,0.733026316,0.274366776,44.85597908,158.6666667,31.43333333,81.31790649,127.6494444,0.095556834,21.91727522,2.004917712,0.361014083,68.9024997,-,-,-,-,-,0.082319992,0.079694229,0.10211361,5.994686406,40.24969194,0.315329487,-5.83594941,33.5338795,0.149864076,101.3396226,57.23669963,0.522327044,0.576464747,0.18310576,54.65690115,115.3584906,32.01886792,63.07813828,91.2192348,0.104620798,28.66261603,2.249173694,0.40724731,68.30189779,-,-,-,-,-,0.052912659,0.153546911,0.101833088,6.573264238,41.20833517,46,17.39130435,19.56521739,34.7826087,23.91304348,2.173913043,2.173913043,86.79245283,1.328354225,1.897033493,6.03775,6.359967027,118.8391606,230,9.831830516,-,-,-,0,0,0,0,0,0,0,0,1.491745283,1.395272436,7.793631816,96.78616896,0.436320664,7.859231401,98.38460127,0.505085939,37.76506904,53.81130039,0.478214133,38.96650882,51.61721042,0.560483064,33.56399378,51.45262934,0.387731998,34.26811985,46.66589589,0.265878563,55.8482277,95.89995931,0.485833235,62.46336545,97.54935005,0.534396036,51.88522057,9.86116924,0.27206767,50.82509375,1.137244009,0.490541602,54.75419358,55.0713741,0.398750028,51.09641883,51.62423802,0.547137758,49.30513553,44.96391356,0.439638965,51.16223367,50.4594752,0.579426423,51.54794021,51.52249176,0.31802809,49.79186859,47.89939054,0.250423014,51.65326429,53.95880355,0.289124404,56.20514997,61.87421429,0.320641444,0.366684128,1.15243583,18.96280775,0.838135149,2.828706129,39.07805134,36.77317968
A111_4 16 weeks post-tx,Vehicle,45,,Trial0027,,3,4.858781808,7.657686558,35.33333333,0.259624114,-2.478161633,39.8196241,0.256429329,144.516129,71.86706083,0.597311828,0.760950764,0.301075976,56.36792876,156.2580645,31,79.62357873,126.9849462,0.118214432,24.95856161,2.92139046,0.376367775,66.66286732,-,-,-,-,-,0.11893764,0.047493593,0.093151703,7.93142021,29.00095474,0.248979411,-6.765953108,28.94247307,0.189207237,143.8666667,76.03830593,0.562222222,0.521052632,0.221338816,32.75977821,151.8333333,31.5,81.86966867,123.2577778,0.142922596,23.44475534,3.010979702,0.396235996,61.48389329,-,-,-,-,-,0.121893756,0.087651481,0.043874818,8.065214736,30.36876939,0.265272704,-2.178836165,43.31171269,0.242723684,152.7333333,72.77657281,0.569861111,0.748421053,0.284299342,53.2937308,160.1333333,31.33333333,80.51216196,127.9111111,0.123342738,25.24170165,3.045524193,0.391795041,65.258382,-,-,-,-,-,0.122592744,0.096972402,0.053327365,8.161557657,26.16693919,0.305065244,-7.980761427,26.37163218,0.177764292,158.9310345,81.53523601,0.581609195,0.607622505,0.222121143,19.85624195,170.2413793,31.79310345,88.28374298,136.7448276,0.12765791,26.83289512,3.047667688,0.394147769,64.92830702,-,-,-,-,-,0.137746109,0.044109999,0.08625924,8.155808658,29.06780824,26,7.692307692,0,3.846153846,88.46153846,0,0,96.2962963,1.357581771,2.122459249,4.615333333,7.663594886,65.22563105,120,9.909958689,-,-,-,0,0,0,0,0,0,0,0,0.895277778,1.018154762,8.720754491,8.754408568,0.912311339,9.485840655,9.451837984,0.927643788,49.18700794,49.65127039,0.933855446,49.9149413,50.37681865,0.919814343,59.79523875,59.1675068,0.895624918,48.3442081,59.36811353,0.842375397,108.4864542,8.454729457,0.916167866,108.905816,8.909620476,0.915001178,80.94402823,92.26910901,0.842437563,89.87819342,90.49886787,0.876797091,49.18700794,49.65127039,0.933855446,50.96021429,50.56594748,0.860879008,50.2832594,49.41645102,0.917636477,48.5013733,48.52378601,0.9731994,59.53333399,59.2261098,0.911603134,60.51745972,59.73660025,0.839243286,40.64725191,40.36898324,0.791542034,40.01434662,40.94491986,0.85359452,0,2.634146341,43.51219512,0.585365854,0.487804878,37.46341463,15.31707317
A111_4 16 weeks post-tx,Vehicle,46,,Trial0028,"Lower body weak, ",3,3.989584531,8.527325805,44,0.185710006,-4.404614363,36.33528557,0.246776316,134.9166667,70.71337765,0.572916667,0.720394737,0.282689145,46.22219723,139.1944444,31.44444444,76.94290281,116.4925926,0.095392818,27.28573502,2.512833788,0.282489254,64.51436485,-,-,-,-,-,0.079597793,0.034013623,0.075276598,9.063535606,27.58805984,0.163504489,-8.061160229,22.25032146,0.171682771,112.6875,58.46538323,0.468359375,0.672779605,0.195191201,31.97644385,118.71875,31.53125,64.00786423,93.25625,0.162471509,18.21516289,2.795597509,0.325253634,47.86547902,-,-,-,-,-,0.099928184,0.029076578,0.037934445,8.822034343,24.71517785,0.20843955,-2.674236249,41.52652752,0.24349906,149.2857143,74.62245092,0.56702381,0.745037594,0.288346805,43.17882672,156.4857143,31,82.45799186,127.967619,0.082085224,31.88377312,2.56659864,0.289694679,69.58206753,-,-,-,-,-,0.098373843,0.075132839,0.03571745,8.986594039,24.99065549,0.2020649,-7.154413915,22.46772159,0.158351151,106.375,58.88752683,0.482682292,0.612828947,0.180434827,41.34643687,113.78125,31.625,64.53821567,93.31969697,0.125112985,24.68625071,2.801960003,0.326299914,58.16044717,-,-,-,-,-,0.138620163,0.007175783,0.058309465,9.109984613,27.29583791,29,3.448275862,3.448275862,13.79310345,72.4137931,6.896551724,0,93.5483871,1.52588728,1.141242524,3.742333333,8.431008389,62.48887833,135,12.60010996,-,-,-,0,0,0,0,0,0,0,0,1.378055556,1.200833333,10.37095775,9.047001129,0.714356328,16.2644713,13.2754111,0.710332018,46.55895049,47.1423468,0.857128085,54.78361959,54.7188567,0.955986388,54.7793034,57.01494346,0.704822759,48.0507781,64.24222116,0.613478764,24.77301403,9.052370897,0.721432152,27.78909325,11.59013671,0.643385672,70.67956401,90.22728601,0.610438667,67.76791102,86.95429064,0.486962983,46.13006585,46.70283125,0.852861102,56.31692136,55.36910849,0.883436894,52.76218712,51.64281059,0.803850601,44.36952612,45.18353431,0.848135735,55.41983135,57.56836552,0.675156715,62.45251148,64.59518611,0.64641134,45.10172036,40.63856402,0.545976268,40.85563547,33.96027665,0.452251193,0.54525627,4.252998909,41.54852781,5.234460196,5.670665213,32.71537623,10.03271538
A111_4 16 weeks post-tx,Vehicle,48,,Trial0029,Run 002 and 003: hind feet is weak. Ipsilateral combination of hind and front feet movements.,3,4.286030884,8.322849312,27,0.225460601,-2.089216317,42.44210537,0.278220395,153.4,70.17083692,0.59125,0.866842105,0.320990132,49.08355257,159.7666667,30.93333333,78.00002767,127.4577778,0.110636783,26.46145367,2.824706948,0.333395516,66.73702138,-,-,-,-,-,0.101240769,0.065273693,0.058946139,8.268466952,17.52788358,0.192077274,-7.303042284,24.54017523,0.162093591,115.9677419,63.31093117,0.479032258,0.575297114,0.184364389,41.52566695,124.1290323,31.64516129,69.17426013,101.2795699,0.159499416,18.81317893,2.872190169,0.350391907,53.14769502,-,-,-,-,-,0.119515721,0.055505292,0.013691368,8.199038221,17.9978373,0.236751442,-2.2178215,38.00100473,0.255592105,167.7878788,76.53912824,0.590277778,0.783732057,0.308092105,40.41479439,173.8484848,30.93939394,85.04076615,135.9252525,0.101240769,28.0154691,2.813739751,0.334691471,69.22850805,-,-,-,-,-,0.110636783,0.057724647,0.065866033,8.263064343,17.45894021,0.202819163,-7.353988156,27.85040505,0.176072368,118.5333333,61.1464792,0.484305556,0.639473684,0.200279605,40.30490174,123.8,31.33333333,65.50727769,98.08666667,0.139497075,22.60421043,2.890269449,0.343389972,57.44482127,-,-,-,-,-,0.140944246,0.013202391,0.056377309,8.432003221,18.66855005,26,0,11.53846154,30.76923077,46.15384615,11.53846154,0,94.54545455,1.301237753,1.131240489,3.983,8.251007531,47.69121202,124,10.84698629,-,-,-,0,0,0,0,0,0,0,0,1.957253086,1.747988506,18.19624657,88.77642675,0.285845311,26.60938246,93.20117914,0.136378722,44.10816552,44.16137673,0.948928453,50.39462545,50.46175251,0.930071101,33.41049772,38.64962858,0.214212177,34.68826071,45.36057987,0.255954346,47.53816914,89.0288957,0.296272381,46.53480224,92.77011754,0.133884588,57.9507042,8.119862536,0.274370514,58.75666179,97.75979766,0.13767447,44.10816552,44.16137673,0.948928453,50.39462545,50.46175251,0.930071101,55.50856622,55.4131352,0.95252721,49.34960613,49.26474532,0.935687528,47.24907781,40.59768527,0.17607904,47.52953146,47.3649534,0.225236768,54.91164381,51.84538916,0.155302294,51.27873042,51.44483619,0.197926225,0,2.736602052,33.0672748,2.166476625,17.90193843,34.54960091,9.578107184
A111_4 16 weeks post-tx,Vehicle,54,,Trial0032,,5,4.963354457,6.924679661,69.2,0.241359319,-3.678873269,42.50582282,0.25049812,138.0952381,71.94708893,0.564550265,0.754511278,0.287095865,40.05565443,142.031746,31.34920635,78.0102342,119.1470899,0.108864726,22.61349846,2.448740269,0.35880044,65.34489134,-,-,-,-,-,0.099381135,0.059247782,0.087098349,7.78392333,50.5722646,0.335069133,-6.899772872,26.49417888,0.217188765,148.0384615,68.07994114,0.564983974,0.657236842,0.256956604,33.70221548,156.1923077,31.25,77.42057787,124.6153846,0.075457193,37.97362756,2.786327003,0.427040335,75.87833715,-,-,-,-,-,0.079318205,0.139696888,0.124343437,8.88810943,51.39754339,0.257584181,-3.479457678,36.51054311,0.256021382,145.2166667,73.5153593,0.570625,0.772105263,0.292332237,42.32684046,151.7333333,31.43333333,80.28602751,124.1611111,0.105540519,24.546735,2.572523553,0.368736494,65.97610201,-,-,-,-,-,0.112752752,0.090436785,0.062270416,7.992926067,51.90290826,0.327286512,-6.271027637,26.04449479,0.249972588,135.8148148,73.00352936,0.575462963,0.694736842,0.282719298,64.63302033,159,31.40740741,84.39936222,134.7555556,0.07972603,35.17886465,2.762044685,0.420424695,74.00541084,-,-,-,-,-,0.075032014,0.127930453,0.130554513,9.008245263,51.72041111,45,11.11111111,24.44444444,48.88888889,15.55555556,0,0,86.12440191,1.298479361,1.935516611,4.6918,6.906780795,115.3823253,229,10.17000952,-,-,-,0,0,0,0,0,0,0,0,1.528083333,1.456781046,0.81837339,99.04755319,0.739965804,-2.146878866,95.29426802,0.807490265,42.90713626,45.44693468,0.698481164,42.33069323,50.42439056,0.75280506,43.50981222,43.90391291,0.730310653,46.65618518,47.2929009,0.800033114,61.48844492,99.03264739,0.741463445,71.02720897,94.6950381,0.81819351,50.82597812,3.20072644,0.587769183,35.29325118,5.692034458,0.734574026,45.94748856,45.54540172,0.665469525,50.41929871,50.72866514,0.685294241,54.25878278,54.19525417,0.693808193,49.44329088,50.16752223,0.771509874,43.50981222,43.90391291,0.730310653,47.80143997,47.8096856,0.748596441,55.92605954,57.19136488,0.53035151,51.0756662,52.23473857,0.563973034,0,1.268498943,29.9154334,0.317124736,0.317124736,33.35095137,34.83086681
A111_4 16 weeks post-tx,Vehicle,60,,Trial0038,,3,5.603985621,6.235850424,44,0.269844566,-1.684051886,36.84257945,0.301578947,159.4242424,75.52484978,0.594444444,0.863397129,0.330493421,54.09119197,168.969697,31,82.59660156,136.8767677,0.123792053,24.04903054,2.745774531,0.400270195,68.34394943,-,-,-,-,-,0.133447896,0.079683237,0.058348635,6.767041697,20.64001518,0.227366282,-8.283470312,30.92119824,0.172133459,124.4,63.95445116,0.527738095,0.602932331,0.210468045,67.44184797,146.3714286,31.45714286,73.30297486,114.3687912,0.150700581,20.9569303,2.608572344,0.385433333,59.03694541,-,-,-,-,-,0.066043082,0.054395195,0.115449769,6.934565306,24.24395946,0.245005854,-2.664089581,37.52507203,0.257269737,145.0285714,72.03599427,0.573571429,0.777518797,0.298023496,43.54370545,152.0285714,30.97142857,79.122073,124.0361905,0.125107402,21.49321149,2.589481169,0.371503363,66.57759203,-,-,-,-,-,0.11605505,0.056893772,0.074390212,6.692534694,23.22297505,0.314163322,-4.641506479,25.33813546,0.207236842,132.6969697,66.69752349,0.55,0.768660287,0.276118421,75.41124148,167.2121212,30.90909091,80.80741244,138.2666667,0.068041286,41.06098075,2.619204943,0.381920022,81.38501476,-,-,-,-,-,0.148766835,0.113662135,0.054903684,6.848812501,23.06483144,28,39.28571429,7.142857143,39.28571429,14.28571429,0,0,92.56198347,1.213592075,1.410002111,4.873333333,6.642089155,60.79612341,136,9.698612442,-,-,-,0,0,0,0,0,0,0,0,1.999479167,2.475,88.41768396,87.71091822,0.661914953,7.470419589,99.3385388,0.60617483,64.36510497,64.47810548,0.882286863,48.53610439,48.62172557,0.915213966,43.95514322,53.83970496,0.696501356,37.04179299,36.49197238,0.654822856,88.10064242,87.35571455,0.687820663,52.09168832,98.86892265,0.614899888,113.371779,13.97456672,0.735698193,46.69232785,2.152778602,0.528227407,65.6995346,65.84640096,0.854684331,48.18427757,48.26898249,0.919568935,33.92116402,33.71839052,0.82918233,51.82303827,52.34565091,0.826776792,54.99481724,53.59758974,0.655826282,37.04179299,36.49197238,0.654822856,46.21604818,47.28346922,0.623286165,64.11970697,67.90648797,0.621069675,0,1.019462465,34.29101019,0,3.614457831,43.09545876,17.97961075
A111_4 16 weeks post-tx,Vehicle,61,,Trial0039,,3,4.420143804,7.958263703,22.33333333,0.203182006,-3.614285633,41.99518838,0.247116873,147.1470588,75.44082963,0.582352941,0.754411765,0.292613197,40.36665546,154.5588235,31.23529412,82.33428424,128.4078431,0.108772105,24.60462833,2.579995726,0.313437214,65.11859657,-,-,-,-,-,0.100319458,0.047858542,0.055772853,8.071009261,12.49468774,0.252345755,-5.047238814,25.20218812,0.225496088,145.4324324,67.72416656,0.605743243,0.70284495,0.277953414,31.86875907,156.8648649,31.02702703,76.65278614,127.5657658,0.049988078,52.44106471,2.439456965,0.302115742,83.1648426,-,-,-,-,-,0.100521811,0.059044604,0.092932401,7.908280777,15.37196678,0.205932147,-3.160366249,46.68039695,0.255279605,151.4444444,73.71956685,0.57037037,0.789473684,0.294629934,45.63593913,157.2222222,31.22222222,81.76509339,128.5333333,0.097279475,26.23677476,2.492558445,0.303925687,67.81537161,-,-,-,-,-,0.105372977,0.054827437,0.047227923,8.076993178,12.54046818,0.205976008,-6.725067493,24.50964417,0.170086466,119.0571429,66.35919456,0.59452381,0.59887218,0.221912594,64.7016388,139.6285714,32.05714286,74.46030875,113.9696215,0.104287265,29.97649119,2.481250066,0.312873998,65.84215419,-,-,-,-,-,0.050595018,0.096888384,0.057207091,7.9632192,13.95333286,30,10,16.66666667,46.66666667,20,6.666666667,0,93.02325581,1.508856933,1.620985276,4.031,8.228803773,51.4580354,142,12.38069775,-,-,-,0,0,0,0,0,0,0,0,1.627083333,1.720714286,26.39648048,87.3435251,0.20839305,16.16692014,80.89859152,0.372096835,46.05887169,46.2652912,0.802653537,53.01765845,53.61600859,0.875960525,29.54663142,31.08317701,0.273901834,34.79826062,41.77432619,0.37023577,50.96271028,89.15018588,0.246232207,58.2381698,82.22811293,0.414543128,53.92623936,6.59350531,0.292100078,42.82523403,16.28188113,0.394066108,45.72299334,45.886319,0.803707421,52.69529361,53.29118381,0.877913113,54.05842451,53.86395513,0.847672023,47.46845287,47.35490693,0.845717532,42.4138553,31.2044589,0.275020283,44.61497252,41.59240424,0.362851129,63.43976441,66.20856144,0.282687009,57.1502282,56.69118395,0.365781215,0,0.107411386,25.56390977,0.107411386,9.989258861,46.40171858,17.83029001
A111_4 16 weeks post-tx,WT,2,,Trial0001,,4,5.323981236,7.920159475,47.5,0.256256272,-3.843041797,43.18744931,0.233327851,132.8148148,68.50168601,0.543209877,0.739473684,0.269873904,50.33711969,138.3148148,31.66666667,74.57891836,113.7506173,0.090855213,25.40102185,2.193843882,0.349041664,68.98400442,-,-,-,-,-,0.099441836,0.093449731,0.058705472,7.342330296,47.66806799,0.324478974,-7.055343245,37.11002365,0.261163473,162.1521739,69.66211551,0.611775362,0.759954233,0.319003146,36.85635934,170.5869565,31.43478261,79.41557861,137.157971,0.064421226,40.3183363,2.538996376,0.386523075,78.26101138,-,-,-,-,-,0.065350911,0.11776413,0.141818,8.467188208,48.50784761,0.238889923,-3.610330978,39.63948755,0.247914474,131.7636364,67.19994744,0.56,0.773827751,0.282375,48.79097509,139.0363636,31.23636364,73.07551733,112.1612121,0.099449603,22.84431208,2.229347875,0.340435892,67.6116116,-,-,-,-,-,0.08770342,0.056967171,0.099252098,7.452340095,50.90275995,0.314394246,-6.440887085,30.81717942,0.19479659,130.877551,69.65279113,0.554676871,0.55972073,0.226365467,46.68270345,143.6938776,32.75510204,77.41830896,116.4082604,0.063898668,39.63850465,2.483436402,0.387602127,77.66642928,-,-,-,-,-,0.062923058,0.143490621,0.117019982,8.331535334,53.14618883,40,17.5,15,30,35,2.5,0,85.10638298,1.366843587,2.148020776,5.137,7.956922663,125.2058267,204,10.23276057,-,-,-,0,0,0,0,0,0,0,0,0.932291667,1.131884058,2.372125353,99.30865458,0.583723049,0.981712017,0.844473894,0.758553171,51.28858831,52.03020643,0.74509247,40.54034301,48.82563548,0.666338848,43.64375431,53.60075312,0.683683595,43.41341599,46.74130609,0.623206464,57.55348578,99.74514294,0.615066337,55.42703866,0.411016778,0.767165767,52.29189427,2.290927205,0.48457155,56.22850189,2.6581039,0.577826757,53.36026937,53.54621663,0.671383658,47.53149229,48.06928252,0.677065327,46.27453009,46.27155832,0.722677052,53.27360961,54.69578455,0.558428499,56.25261338,55.73005056,0.580308989,46.08502592,46.56180052,0.603422141,45.55486597,47.5478527,0.473071061,52.81122768,55.73392427,0.48351246,0,0,22.99077734,0,0.856389987,41.83135705,34.32147563
A111_4 16 weeks post-tx,WT,12,,Trial0004,,4,4.126497262,8.655384727,25.25,0.229108497,-2.527827977,37.28461181,0.281513158,151.1666667,74.2336019,0.584375,0.803289474,0.307475329,55.80129872,163.5555556,31.36111111,83.62176944,134.1518519,0.143544344,22.56945504,3.204837384,0.375390601,59.58115847,-,-,-,-,-,0.106720358,0.070828273,0.054917774,8.769201371,19.82742335,0.167466817,-7.756813302,29.5791568,0.125785362,99.27083333,58.7914542,0.434461806,0.503289474,0.150345395,62.79997228,113.9375,32.83333333,65.10100792,89.09110675,0.134801133,19.99837524,2.494806646,0.298882437,51.482318,-,-,-,-,-,0.094007749,0.039459857,0.037259634,8.508165858,17.86710218,0.258266024,-2.294610908,48.42506581,0.267743599,161.6756757,74.81363481,0.616891892,0.781578947,0.328298364,42.30952961,167.5135135,30.94594595,85.85874848,140.1441441,0.103486408,33.12064473,3.145321254,0.364007982,70.41695499,-,-,-,-,-,0.139194515,0.053859258,0.070801138,8.697163631,18.86416554,0.188799595,-8.893182606,23.55333006,0.138821144,111.7209302,58.40685285,0.450872093,0.505630355,0.164495104,30.88131771,119.255814,31.95348837,62.42384783,91.83110856,0.133644894,23.75803039,2.642369237,0.316715402,54.91240895,-,-,-,-,-,0.108177731,0.035660302,0.042325578,8.607893217,18.63889469,33,21.21212121,6.060606061,33.33333333,24.24242424,12.12121212,3.03030303,89.18918919,1.463093896,1.34889487,3.82425,8.583660865,42.39119578,164,11.29672395,-,-,-,0,0,0,0,0,0,0,0,1.644907407,1.9628125,16.88487671,83.83806118,0.305073663,16.36462781,98.03970929,0.278360912,36.21287883,48.26628042,0.63302504,50.01083364,57.00848083,0.896034308,30.34944821,41.62775305,0.208573215,33.34806433,42.39662456,0.323808305,62.23284916,85.21623793,0.331000615,52.27266476,97.68381985,0.286179299,40.3458091,9.766658254,0.385458635,50.94985209,0.848138326,0.331204523,47.55200442,46.39719924,0.678804999,55.56117118,56.72442241,0.893140008,51.57172928,52.65828205,0.704475043,44.40096537,43.71485285,0.827225299,50.73200862,40.11208858,0.196118093,46.91004896,42.15561195,0.252346246,52.83162045,61.85045087,0.209414359,53.09130507,61.00067809,0.308311771,0.415282392,9.634551495,25.66445183,2.242524917,19.10299003,29.73421927,13.20598007
A111_4 16 weeks post-tx,WT,13,,Trial0005,,3,4.314086486,8.201098095,44,0.203424369,-2.990959265,39.07377298,0.277649618,146.5483871,72.65079111,0.598790323,0.811375212,0.319985144,46.48766741,151.3548387,31.25806452,79.68652422,126.5677419,0.099363004,28.6003655,2.821662857,0.305281619,67.49542593,-,-,-,-,-,0.101444521,0.048670323,0.053508088,8.716573774,19.53439812,0.219663259,-7.948166956,23.56687798,0.17306391,120.5142857,64.75384922,0.464880952,0.59481203,0.191859023,50.35416377,132.4571429,31.4,71.98047832,108.92,0.097565233,28.299789,2.613233434,0.288689722,65.44031757,-,-,-,-,-,0.124098459,0.023704666,0.064079054,8.695344358,20.93565595,0.201733309,-3.716419808,46.81583102,0.248212377,143.59375,71.15309115,0.595833333,0.783799342,0.304286595,44.58652001,149.65625,31.0625,79.60281419,124.9875,0.101444521,28.09107082,2.815338076,0.304721087,66.7492184,-,-,-,-,-,0.099363004,0.05363932,0.049341921,8.753980108,19.89502309,0.172821362,-7.562343055,22.77089906,0.158518769,114.9411765,62.37967908,0.448897059,0.55379257,0.176429954,40.49091793,123.2058824,32.02941176,67.93101578,98.11764706,0.123319001,21.63787745,2.53065541,0.29026326,56.87021141,-,-,-,-,-,0.090067641,0.053092315,0.022765122,8.411319232,19.61801166,29,6.896551724,3.448275862,65.51724138,20.68965517,0,3.448275862,95.8677686,1.428990658,1.353800707,3.923666667,8.280924435,54.95404078,132,12.40653192,-,-,-,0,0,0,0,0,0,0,0,1.909244792,2.166666667,23.0240371,78.72121764,0.477444973,18.75046126,86.95668532,0.415621783,52.29920437,52.57483825,0.898757491,50.66416264,50.64995703,0.964589499,34.80754223,37.25858837,0.467365572,32.17469439,32.07298861,0.461441427,63.18720561,79.35054798,0.498308076,64.53201343,87.1553704,0.443108584,39.88506043,20.27612383,0.551574044,39.87142417,14.08181004,0.506717081,52.11915133,52.40389717,0.896057232,50.66416264,50.64995703,0.964589499,46.74331932,46.85645789,0.941397642,49.98193459,50.00170921,0.967142535,38.23046313,37.31280152,0.467307338,39.07124611,32.07298861,0.461441427,64.03135764,65.92776179,0.530452728,65.84958785,69.49739827,0.484408271,0,1.075268817,30.10752688,0.358422939,18.99641577,41.21863799,8.243727599
A111_4 16 weeks post-tx,WT,20,,Trial0010,,3,3.425408215,10.20172375,34,0.178990105,-2.886111134,36.25925342,0.273928391,152.1153846,78.18103494,0.597596154,0.77611336,0.311379049,46.86768814,159.2307692,31.11538462,85.37889592,132.8333333,0.124183705,27.84515026,3.403429799,0.302640889,58.58954152,-,-,-,-,-,0.11484225,0.034045958,0.033136414,10.64159238,16.93229988,0.173839833,-9.230402092,31.52108293,0.105778509,103.5925926,61.4703937,0.424382716,0.513157895,0.125679825,63.25764864,116.7407407,32.96296296,68.39798477,91.95026455,0.129825855,29.58000693,3.322057835,0.303758176,56.36210811,-,-,-,-,-,0.08205892,0.064703511,0.038208841,10.46533774,17.22188498,0.183597307,-3.531302407,43.26825523,0.270797065,159.2307692,75.22093501,0.609935897,0.795242915,0.327160931,43.53303161,163.8461538,31,82.74481011,134.7923077,0.109849109,30.39910362,3.242008626,0.291344177,62.03787605,-,-,-,-,-,0.119009384,0.030375955,0.031625215,10.54370136,19.00162832,0.232007112,-6.829007176,28.84894812,0.183996711,118.6923077,67.68947054,0.486538462,0.576619433,0.208045294,71.21878885,140.4230769,31.80769231,76.29520176,113.8794872,0.090743264,40.21845569,3.346391677,0.303944465,70.0684716,-,-,-,-,-,0.113181772,0.032040273,0.067831053,10.40203332,21.1425519,23,13.04347826,8.695652174,8.695652174,69.56521739,0,0,97.87234043,1.462044534,2.021797418,3.075666667,10.1118916,47.03809885,105,12.70001623,-,-,-,0,0,0,0,0,0,0,0,1.373237179,1.206944444,2.121955967,2.155993976,0.961632963,3.795810635,3.724146467,0.945208584,48.0953692,48.19268086,0.944536703,52.71745888,52.66929058,0.94345555,50.20778106,50.37791237,0.935154773,54.53300715,54.61075322,0.960203295,101.9495659,1.962021306,0.964105254,103.6672607,3.588672028,0.947719648,98.36365466,98.333941,0.963624996,98.15350887,97.0775608,0.884568775,48.0953692,48.19268086,0.944536703,52.6515858,52.59707434,0.94109606,51.94258795,51.88575273,0.948768855,47.06128351,47.2900687,0.891532099,50.20778106,50.37791237,0.935154773,54.53300715,54.61075322,0.960203295,49.58691993,49.28520191,0.927611408,45.56521516,45.52895502,0.886822617,0,4.005934718,52.22551929,0.890207715,0.741839763,30.56379822,11.5727003
A111_4 16 weeks post-tx,WT,23,,Trial0011,,3,4.144661746,8.365879062,55.33333333,0.221816061,-3.568957015,40.06529064,0.257368421,142.1818182,68.98137871,0.565277778,0.796650718,0.297138158,42.3376778,146.3939394,31.09090909,74.79951313,118.4828283,0.106533525,26.78400391,2.822050035,0.332220313,64.78171019,-,-,-,-,-,0.102374929,0.05313622,0.074887721,9.076051733,31.86992785,0.267318241,-8.879696935,33.6118195,0.218625,149.8666667,68.84527056,0.557638889,0.769736842,0.264651316,35.80000547,155.9333333,31.86666667,77.72914477,127.3455556,0.087295952,38.19362949,2.889646027,0.350275612,71.76321311,-,-,-,-,-,0.063371281,0.049595674,0.156683823,9.033861661,30.67418671,0.244495601,-3.037974528,47.99783225,0.244355717,141.1724138,69.62029005,0.565804598,0.774228675,0.293316697,38.43593175,145.8275862,31,77.31000105,121.1724138,0.110249924,27.18376743,2.980235013,0.357606151,64.89969544,-,-,-,-,-,0.114143063,0.077384026,0.055988629,9.279160973,32.94164423,0.287630036,-5.171699608,23.45140206,0.191378289,118.7333333,64.37291448,0.491944444,0.601578947,0.214825658,75.40043367,148.0333333,31.4,75.50428812,119.0511111,0.080638005,47.56854581,3.003320726,0.365076146,77.61307569,-,-,-,-,-,0.076707774,0.160968935,0.053535627,9.120198608,29.05639109,26,11.53846154,3.846153846,76.92307692,7.692307692,0,0,93.69369369,1.521789242,1.758078947,3.931666667,8.197653204,90.48206635,122,11.1564099,-,-,-,0,0,0,0,0,0,0,0,1.582777778,1.833333333,80.03114622,79.23591916,0.614094919,14.19545578,86.09649347,0.665737614,48.78177293,58.39160713,0.803799908,46.07368855,47.4492682,0.808391655,32.4390417,36.91540214,0.737947103,26.76499891,23.60784174,0.547547581,79.89665325,79.14739592,0.647404307,74.96324124,86.49861066,0.673405335,32.1256876,21.28328565,0.528553939,111.2987067,12.04748669,0.681427543,60.01618264,61.26049868,0.676031256,48.05696671,48.10671949,0.693414414,37.14809722,37.98607122,0.809764443,51.2442277,51.1031865,0.9255888,42.47841713,36.83669095,0.650166305,26.76499891,23.60784174,0.547547581,57.09239522,65.31623404,0.511378388,73.14339771,76.90975605,0.532571183,0,1.366742597,23.80410023,2.733485194,3.075170843,43.16628702,25.85421412
A111_4 16 weeks post-tx,WT,30,,Trial0015,,3,5.193150558,6.942123808,60.33333333,0.230649609,-2.952746711,36.65578613,0.26843515,141.4571429,71.95386456,0.576190476,0.765338346,0.301093985,52.60727285,147.8571429,31.05714286,79.65838382,122.5352381,0.117616724,23.04121219,2.626807299,0.338640698,63.72478696,-,-,-,-,-,0.095555751,0.053945211,0.079659656,7.503437675,35.31736976,0.365493425,-5.987917803,35.67640577,0.23925,158.9333333,74.17038419,0.56375,0.734210526,0.275072368,44.48651973,168.8666667,31.06666667,84.09982275,139.6088889,0.082276752,39.86608382,3.014535108,0.425034281,79.01194749,-,-,-,-,-,0.086623088,0.122324954,0.138898464,7.757404016,32.90299274,0.25582178,-2.095510076,37.74439265,0.25587406,148.0571429,74.75434415,0.569642857,0.75112782,0.295976504,45.26469331,155.3142857,31.8,82.23614029,127.5771429,0.098541868,26.60605415,2.638998915,0.336800253,67.24040196,-,-,-,-,-,0.119478921,0.064513826,0.056778998,7.55517091,33.91585903,0.347108005,-5.65856067,27.08447435,0.188990132,130.4666667,68.7585238,0.542361111,0.575526316,0.222532895,46.79916389,141.7,32.06666667,77.88132849,122.0772222,0.083414825,38.12176859,2.979529276,0.41391099,76.13249954,-,-,-,-,-,0.079338296,0.134706168,0.139987001,7.730398871,31.60163787,27,22.22222222,11.11111111,25.92592593,29.62962963,3.703703704,7.407407407,88.52459016,1.461843301,1.85454067,4.842666667,7.104323194,78.91276587,130,10.07247956,-,-,-,0,0,0,0,0,0,0,0,1.329166667,1.463611111,13.8795047,93.65735813,0.533907949,7.30116171,99.40999403,0.640969266,42.804032,52.73751218,0.694801841,50.96479604,51.54542711,0.852352944,45.46290692,45.53800499,0.653841415,42.66645773,49.36369598,0.528978691,59.10995804,93.56422018,0.540858795,44.23688455,98.07335085,0.608182023,45.89213269,3.606972714,0.382797317,56.58906097,1.424814257,0.573540367,53.32422498,52.57160552,0.703824344,51.83478733,52.15038193,0.816373169,45.08222319,46.44638318,0.676115327,49.48780916,48.96683707,0.881801941,45.46290692,45.53800499,0.653841415,46.674255,49.15609482,0.511342887,50.73316085,51.72718295,0.512460459,50.43995311,47.82650244,0.457666045,0,0,23.52398524,0,1.752767528,48.98523985,25.73800738
A111_4 16 weeks post-tx,WT,31,,Trial0016,,3,6.141442242,6.120537033,45,0.301160079,-2.91964338,41.30038911,0.269010561,142.7105263,72.77104832,0.58377193,0.78531856,0.301062154,47.78365515,147.3421053,30.89473684,79.32181369,124.3929825,0.109279408,22.85798617,2.411554557,0.40657545,70.79141433,-,-,-,-,-,0.088408443,0.093979578,0.116307666,6.32878907,26.59133705,0.294840132,-5.501277156,23.7038657,0.177646382,119.6,63.5626812,0.476666667,0.630592105,0.205083059,38.6259576,128.15,31.25,69.82249116,103.4311111,0.103097487,24.18298706,2.223100918,0.398361624,70.12492163,-,-,-,-,-,0.093113938,0.077462672,0.121724583,6.241632329,28.78838523,0.338414906,-2.567526602,47.51079178,0.253560855,164.0833333,78.07273241,0.600925926,0.734210526,0.303404605,48.81291943,168.1388889,30.91666667,87.20531064,139.2092593,0.091087487,28.43904117,2.502574999,0.424252704,75.85297424,-,-,-,-,-,0.112493508,0.121888437,0.105733183,6.314026755,28.39535946,0.291848025,-5.127543246,22.80950929,0.205327303,133.075,68.41156951,0.551145833,0.635921053,0.241068257,45.09583686,143.775,31.425,75.93467455,119.17,0.099321696,25.19598914,2.222675285,0.383525114,69.36498111,-,-,-,-,-,0.096889729,0.119294129,0.0782712,6.353730358,28.75689994,33,27.27272727,3.03030303,18.18181818,48.48484848,3.03030303,0,95.65217391,1.609995232,1.46129204,5.848666667,6.023401027,68.39774654,154,9.240843368,-,-,-,0,0,0,0,0,0,0,0,1.631907895,1.748717949,13.83134111,0.020046275,0.426382059,13.49820279,7.707997757,0.470706977,49.72964088,49.75123624,0.869415916,45.81379806,58.3988323,0.821137885,42.44579037,49.06203936,0.51040774,31.27416602,54.89781487,0.415317083,46.88705686,98.94113942,0.455487603,38.86621781,7.225255284,0.485027819,51.55844265,1.765871245,0.541948662,75.40922373,94.03642635,0.598834338,50.35345548,49.91439894,0.834646033,56.95941571,58.34035164,0.794355081,49.09699455,49.8114417,0.786541521,42.67207583,42.2851355,0.855618557,49.38647042,49.79412323,0.477324134,52.96746848,57.26336147,0.33460292,49.23170135,51.41973502,0.528754172,49.24213911,45.13977804,0.543761983,0,1.102130786,25.49595885,1.542983101,4.041146216,36.44379133,31.37398971
A111_4 16 weeks post-tx,WT,34,,Trial0017,Run001: frame 95 RH didn't detect?,3,6.045474863,6.335195419,53.66666667,0.313151022,-2.725947566,40.72354817,0.247416498,133.2820513,71.0894652,0.578205128,0.761538462,0.289251012,39.94222113,139.6666667,31.25641026,77.66932884,117.7504274,0.109431164,25.19273581,2.482767806,0.431703884,71.03513871,-,-,-,-,-,0.093760073,0.142781907,0.086405432,6.490446997,50.35393969,0.346531066,-6.606564628,34.25783203,0.178815789,108.0909091,59.56982495,0.538888889,0.592105263,0.208421053,57.04036573,123.3333333,31.60606061,67.43373859,100.7858586,0.128502888,26.3320399,2.595012627,0.488643626,67.35591026,-,-,-,-,-,0.088756478,0.163335714,0.111760266,7.257510464,42.33777293,0.339541746,-2.020907581,48.55443324,0.253199013,147.5,73.32996985,0.57037037,0.791447368,0.297705592,50.05132892,155,30.97222222,82.36572789,128.15,0.096601287,27.02315565,2.478465053,0.430306524,73.24983866,-,-,-,-,-,0.11140987,0.086226685,0.143571094,6.66480798,46.23497718,0.3913555,-4.868172465,20.33388303,0.24485403,126.5625,63.71302331,0.648828125,0.683881579,0.293600946,41.14555923,145.96875,31.3125,71.81653153,119.8817708,0.101248686,29.93324027,2.766107744,0.523103104,73.37592546,-,-,-,-,-,0.123584703,0.113154045,0.167838736,7.214670966,42.06020049,26,23.07692308,3.846153846,42.30769231,30.76923077,0,0,81.25,1.507037968,1.582757906,5.704666667,6.282836529,101.5662791,140,8.448392539,-,-,-,0,0,0,0,0,0,0,0,1.406510417,1.491801075,4.488170506,92.11741187,0.657160141,96.09898256,97.94600455,0.652039439,39.1368006,55.61881506,0.658523906,38.15741441,50.35220551,0.777995317,47.3975447,48.53980666,0.693571113,42.1881907,42.11064539,0.602044946,62.24100271,91.33843888,0.67305381,96.72178902,97.97825182,0.706217899,44.87351535,5.278823153,0.614214151,55.57067814,4.688992016,0.368996559,55.61422165,56.45754688,0.64296217,49.03531245,49.21365649,0.741713737,43.60782613,40.90648374,0.570386355,49.11945084,49.29568332,0.618842595,48.51804848,49.26120059,0.656043547,42.1881907,42.11064539,0.602044946,50.07438408,50.26948448,0.450633503,54.84924107,61.59119404,0.292523187,0,1.588447653,22.09386282,0.722021661,1.516245487,38.84476534,35.23465704
A111_4 16 weeks post-tx,WT,36,,Trial0018,,3,4.282409903,9.049994464,47,0.225232302,-3.036831256,37.80502738,0.2743125,143.1333333,73.33869376,0.569861111,0.812368421,0.303513158,41.29719032,148.3333333,31.23333333,80.11222023,123.6733333,0.101113316,31.90418363,2.973078349,0.318539521,66.79157704,-,-,-,-,-,0.107820503,0.051114727,0.066833695,9.393838222,37.71966437,0.257684502,-8.073894535,28.70602958,0.233092105,156.6060606,72.38792503,0.572222222,0.755741627,0.284111842,33.4321723,163.5757576,31.57575758,80.89448548,133.4444444,0.08876288,32.6656225,2.701674848,0.312701326,68.22786217,-,-,-,-,-,0.100543734,0.076883102,0.085724758,9.339458834,37.17766359,0.221539291,-2.821181722,32.39335635,0.263152589,150.5483871,73.4548162,0.560349462,0.770118846,0.294983022,48.23317556,156.8064516,31.29032258,80.20423887,126.8021505,0.111671235,28.10296434,3.025845741,0.332761617,63.34058439,-,-,-,-,-,0.10500229,0.067494837,0.055451194,9.825040565,37.24164449,0.251375969,-8.185716418,22.67481579,0.196005345,137.90625,70.30243358,0.48984375,0.661677632,0.221956209,33.24002633,147.03125,31.6875,76.50402206,119.0479167,0.108554638,27.74232492,2.769700776,0.344007397,63.73453906,-,-,-,-,-,0.087279791,0.06802674,0.078850777,9.25437766,39.48041143,25,16,8,32,44,0,0,89.28571429,1.316903581,1.145313765,4.151333333,9.148731188,77.73098189,126,11.10282026,-,-,-,0,0,0,0,0,0,0,0,1.6775,1.783064516,9.564890175,98.26759331,0.56957877,7.603956759,1.34647337,0.565954581,43.18133876,51.58006966,0.670470577,40.60576721,48.3978288,0.79628255,39.8893342,51.6535728,0.497383523,38.25534787,45.1160538,0.560297354,55.02476891,97.74910402,0.554850241,44.92143722,0.607290652,0.602459613,54.47205037,1.688833993,0.603447238,64.62465783,0.46228845,0.543270674,49.69476439,51.48087187,0.644095585,47.72881671,48.13962835,0.750945638,49.1885214,47.93958858,0.75479678,51.55120127,52.28963661,0.815786809,48.34415099,52.57654125,0.441756592,46.20902061,44.51955818,0.534303891,51.54825193,49.20482994,0.460297569,58.45008754,57.5836223,0.530226566,0,0.81871345,36.84210526,0.701754386,6.549707602,34.73684211,20.35087719
A111_4 16 weeks post-tx,WT,40,,Trial0022,,3,4.420242519,8.11912757,50.66666667,0.191669985,-2.482945378,37.91257782,0.272502122,141.4193548,70.71962782,0.573655914,0.793039049,0.302966893,59.41906851,151.3870968,31.22580645,78.12364959,124.1612903,0.118095407,23.90116981,2.779372817,0.310253641,61.0548754,-,-,-,-,-,0.101311209,0.036879478,0.054371037,8.977602705,37.69070983,0.301122911,-7.145293547,31.91736276,0.202450658,130.3666667,64.53616091,0.540833333,0.648947368,0.230674342,42.55950998,136.1666667,31.23333333,72.98903438,112.4733333,0.092749058,35.95183417,2.956366515,0.341524685,72.14213926,-,-,-,-,-,0.115144487,0.052497007,0.085251337,8.749331129,33.25181115,0.212119803,-2.665633805,42.52034497,0.246523026,156.3,73.64720833,0.580555556,0.772105263,0.294286184,48.2235463,161.6333333,31.23333333,80.47412308,128.9111111,0.105063476,28.5317456,2.944977029,0.32219091,66.33997096,-,-,-,-,-,0.122469311,0.056749067,0.039353607,9.060678194,38.53970697,0.261029194,-6.590520504,22.68326336,0.155529719,110.2413793,58.42811738,0.474137931,0.580671506,0.181133167,48.68964062,122.1724138,31.75862069,65.94896874,96.77126437,0.121671151,30.70068126,2.99887497,0.348014081,65.67130101,-,-,-,-,-,0.086464121,0.084335628,0.096995068,8.779381884,33.80634979,25,36,0,56,8,0,0,93.45794393,1.35657934,1.833345227,4.199666667,8.023240744,75.53102528,120,11.52872235,-,-,-,0,0,0,0,0,0,0,0,1.723660714,2.008179012,-2.79915638,87.3368397,0.713082022,-1.536396982,98.07939241,0.798429529,43.31793619,54.18047665,0.811854105,53.54705708,54.34827379,0.812492231,43.39092383,43.36141445,0.760979971,41.58938349,40.25557779,0.749350328,79.56827254,86.55191071,0.720379238,98.07245147,97.68976069,0.814764115,30.4049492,11.19023136,0.724986626,46.01614507,2.729201274,0.743060828,53.1918864,53.55986043,0.823649534,53.92566961,54.57190876,0.781461751,46.80376046,46.49016509,0.781590722,45.79294266,46.44173008,0.805432543,43.39092383,43.36141445,0.760979971,42.27185475,40.16572397,0.708543693,55.45753256,57.6485496,0.714011847,56.84808838,58.14649427,0.665721705,0,3.793103448,41.03448276,2.988505747,1.034482759,36.89655172,14.25287356
A111_4 16 weeks post-tx,WT,41,,Trial0023,Run002: frame 465 LH didn't detect? ,3,4.027651001,8.730246452,42,0.260154337,-2.989018525,43.59155567,0.268611615,143.8965517,69.67580003,0.584770115,0.818330309,0.31611275,48.93124244,149.7931034,31.03448276,76.73440149,122.8206897,0.103418386,30.2315707,3.059348899,0.356311081,67.62132722,-,-,-,-,-,0.122257046,0.0899011,0.041119876,9.546155718,36.53194084,0.257103496,-6.989887772,21.88598545,0.253815789,158.4848485,69.91887174,0.577777778,0.790191388,0.289736842,23.16965947,163,31.21212121,77.03149073,129.4989899,0.063989279,43.48786673,2.662775944,0.327807293,76.95322512,-,-,-,-,-,0.073843779,0.093776672,0.093788912,9.178719945,31.62323961,0.224667566,-3.93294582,41.30905645,0.237099958,146.9677419,70.74211626,0.567741935,0.776994907,0.282692063,42.62829616,151.9032258,31.58064516,77.66867594,122.8344086,0.1135244,27.24632247,2.901938783,0.332288801,62.19404018,-,-,-,-,-,0.096031358,0.038539264,0.097745654,9.383246617,33.39245333,0.245109164,-7.008081981,23.48023232,0.192712848,130.8235294,70.79798387,0.492034314,0.595588235,0.212252322,53.00103054,143.5882353,31.5,77.85385692,119.1001867,0.074813368,38.1736012,2.666337031,0.324937691,72.31371725,-,-,-,-,-,0.062987371,0.095257798,0.09791008,9.221054569,37.41398451,28,10.71428571,7.142857143,46.42857143,25,7.142857143,3.571428571,97.39130435,1.442736842,1.397251743,3.861333333,8.642310869,78.27322745,127,11.45120354,-,-,-,0,0,0,0,0,0,0,0,1.389784946,1.541527778,9.255436129,92.75488141,0.352304043,20.83473351,99.80543705,0.308323739,45.71215421,47.85109208,0.745720489,46.46650341,48.57700424,0.689299885,32.74857187,38.86689784,0.305934509,31.39932608,40.843225,0.220546559,66.46995317,91.34223069,0.476848047,48.21734388,98.4563769,0.326535152,42.2099272,6.78773353,0.526965503,58.92278618,0.690875193,0.324095157,47.90876535,48.8512945,0.655035433,46.26428669,48.39966837,0.678141476,52.30730001,51.00179119,0.740678643,53.64433814,54.37856213,0.679297481,49.21105055,40.4072059,0.265395017,46.23441281,40.87695241,0.216203135,52.43057931,63.85220578,0.333295697,54.9434075,56.7893267,0.157611299,0,1.286173633,24.11575563,0,6.966773848,36.01286174,31.61843516
A111_4 16 weeks post-tx,WT,42,,Trial0024,,3,5.622397201,7.583926141,46.33333333,0.292567279,-3.139239125,38.80109014,0.274960882,148.7297297,74.48142973,0.568581081,0.802702703,0.305766358,50.29172984,157.7027027,31.10810811,81.24463878,128.7405405,0.100759374,24.95870411,2.47750341,0.400342807,67.88842274,-,-,-,-,-,0.116519436,0.127681803,0.058404067,7.837780827,39.51063925,0.277270679,-7.39879633,33.91847147,0.242327786,152.1176471,69.30762492,0.576960784,0.771130031,0.280161571,25.75293869,156.9117647,31,75.06056904,123.4784314,0.076361477,36.99715677,2.588465125,0.356625778,75.3442019,-,-,-,-,-,0.112675931,0.051178785,0.111089591,8.088002787,37.17622908,0.25314561,-2.996990535,42.0633525,0.24676727,145.775,71.82968906,0.531666667,0.760263158,0.275018092,47.69932083,151.35,31.175,77.66715952,121.2618182,0.10392274,21.54371411,2.23663897,0.360049648,64.89240322,-,-,-,-,-,0.090153125,0.051245516,0.108779955,7.185781019,42.10313663,0.235115503,-7.174568514,28.46943651,0.145708647,112.8571429,64.03903686,0.460952381,0.48924812,0.163945489,66.53559426,130.1142857,31.51428571,71.44200667,103.68,0.113299995,23.78302586,2.575160068,0.350484085,64.14922785,-,-,-,-,-,0.076039416,0.114027454,0.049603964,8.175791626,35.09376908,30,10,10,30,46.66666667,3.333333333,0,90.90909091,1.371636328,1.985516303,5.216333333,7.694377693,99.13681892,146,9.692632537,-,-,-,0,0,0,0,0,0,0,0,1.308333333,1.463888889,6.276329716,97.55384808,0.634933192,5.59091481,2.275962314,0.630194716,47.5540029,53.61123,0.823572406,47.81027083,50.14325457,0.771287067,39.90926829,50.92899374,0.559664569,48.07484835,48.88502088,0.63971911,51.09976153,97.26320381,0.655733801,47.97618126,1.118140468,0.642273121,57.16769952,3.650081379,0.572880345,57.16322814,99.64034597,0.529839712,54.03397398,53.82064517,0.810038605,48.48508621,50.49613961,0.736018513,45.71672671,45.32165839,0.776679757,52.34036936,51.3276241,0.691456836,57.02739742,52.03455425,0.446251958,49.40649464,48.99964891,0.568482653,47.50873586,48.53545729,0.45421717,49.75096397,51.64105551,0.420500963,0,0.686947988,34.73994112,0.098135427,3.729146222,38.17468106,22.57114818
A111_4 16 weeks post-tx,WT,57,,Trial0035,,3,4.840990711,7.02922482,41.66666667,0.282283514,-2.022594298,35.85264814,0.292277961,157.59375,75.24329909,0.6015625,0.848190789,0.324131373,49.50257538,164.65625,30.78125,83.11423906,134.2645833,0.112206129,26.01938,2.879204385,0.40303998,69.47915075,-,-,-,-,-,0.118624951,0.115547863,0.065265063,7.726520904,29.20980719,0.267888781,-7.31166192,32.72140704,0.161463285,112.516129,62.97690351,0.51155914,0.593633277,0.195184635,58.68173611,131.4193548,31.41935484,72.47455031,107.7757296,0.127616728,25.0277769,2.896204598,0.403888101,64.73624912,-,-,-,-,-,0.122273169,0.045984893,0.100882401,7.765199928,27.46287953,0.257331271,-3.157450552,42.73620012,0.283932977,170.15625,79.7048174,0.604427083,0.812664474,0.324233141,48.36607569,175.4375,31.0625,87.51507095,143.2041667,0.106353405,25.45909279,2.614527303,0.368621312,69.9221497,-,-,-,-,-,0.101686804,0.058642562,0.097001905,7.382334294,30.96422036,0.259835538,-6.178818023,19.22800226,0.240881791,156.9354839,69.48029733,0.527822581,0.779286927,0.271871817,27.31740898,161,31.19354839,75.62610537,124.6537634,0.137601006,23.60125148,2.949364741,0.399965613,62.5594626,-,-,-,-,-,0.115497542,0.108013134,0.047766857,7.839898309,26.61134333,26,26.92307692,0,11.53846154,61.53846154,0,0,92.85714286,1.300182416,1.460056336,4.558,7.064091848,69.87040781,126,9.508972327,-,-,-,0,0,0,0,0,0,0,0,1.205890805,1.451934524,-0.315409915,0.689885377,0.814887707,8.246514439,9.143991611,0.858337298,56.24179649,56.90626413,0.832849229,53.25951564,53.77060238,0.842055715,56.02111347,56.79418018,0.84775653,53.15807075,53.34389018,0.79021413,100.5079699,0.653650157,0.874033414,108.4151652,9.137378064,0.868687085,100.1963365,99.64062181,0.851807283,74.87364496,90.7435981,0.663282786,56.83145056,57.10929104,0.793203674,51.90279506,52.52908948,0.862137103,42.89516629,42.66766655,0.779705657,48.49467398,49.32929483,0.615480749,57.53497951,57.74885613,0.778604715,53.15807075,53.34389018,0.79021413,42.304253,41.91366625,0.750559753,47.02974368,47.87642068,0.518373492,0,3.984819734,39.18406072,1.802656546,1.992409867,30.07590133,22.9601518
A111_4 16 weeks post-tx,WT,65,,Trial0042,,3,3.349482859,10.75414713,34,0.155897134,-4.376215662,41.05949824,0.257993421,150.4074074,71.32216135,0.517746914,0.810526316,0.279462719,36.35059083,155.4074074,31.2962963,78.17990135,123.1061728,0.130823387,25.25520817,3.270696791,0.287045564,54.1141418,-,-,-,-,-,0.112593196,0.023465331,0.019556001,10.97708711,16.37087307,0.197610123,-8.791114059,38.84475672,0.222967105,172.1333333,72.70244205,0.585138889,0.738947368,0.282128289,47.03487458,177.4,30.96666667,81.53188907,140.6022222,0.079620111,39.26722437,2.978646681,0.262529191,69.76547485,-,-,-,-,-,0.061482942,0.079612938,0.057015397,10.77730896,17.57618855,0.175725375,-2.830080575,34.60659879,0.286077935,160.5,71.52753557,0.58349359,0.86902834,0.319896255,37.95202925,164.1923077,31.34615385,77.47540544,131.5230769,0.112593196,29.47073833,3.28570792,0.288201789,60.72140743,-,-,-,-,-,0.130823387,0.020406664,0.023320741,11.10622735,17.143547,0.213967367,-7.095936025,26.91068447,0.263674342,169.9,72.03281619,0.606527778,0.807631579,0.317733553,39.65153618,179.3333333,31.03333333,81.77984709,142.5333333,0.061482942,48.77029431,2.957709457,0.271816062,76.74374006,-,-,-,-,-,0.079620111,0.050718203,0.078492657,10.71338889,18.3105272,24,0,8.333333333,91.66666667,0,0,0,94.11764706,1.170040963,2.020028708,3.132666667,10.68033603,46.71399439,113,13.04085806,-,-,-,0,0,0,0,0,0,0,0,1.498919753,1.563621795,1.259698519,80.46742787,0.71161346,-1.458983245,81.72127651,0.658518982,49.75056775,50.56710914,0.840686417,52.8707292,52.87106496,0.988565806,30.22596154,31.36392029,0.655351823,33.95865934,33.96035603,0.72700615,72.95364719,81.19056575,0.73006203,78.38085717,83.36111363,0.671333393,25.20824358,18.13208519,0.77593966,23.34089416,16.87242522,0.756789153,49.37095915,50.17571565,0.841357228,52.79829663,52.79833185,0.988287985,50.17094322,49.97088754,0.870431115,47.32394734,47.32813758,0.979353205,34.33802815,31.43907131,0.653865761,33.95865934,33.96035603,0.72700615,66.15106885,68.58440355,0.78606696,67.53869019,66.92292769,0.853884614,0,2.543720191,38.47376789,0,5.723370429,47.85373609,5.405405405
